information_schema	_pg_foreign_data_wrappers	v	13998	oid	26	f
information_schema	_pg_foreign_data_wrappers	v	13998	fdwowner	26	f
information_schema	_pg_foreign_data_wrappers	v	13998	fdwoptions	1009	f
information_schema	_pg_foreign_data_wrappers	v	13998	foreign_data_wrapper_catalog	19	f
information_schema	_pg_foreign_data_wrappers	v	13998	foreign_data_wrapper_name	19	f
information_schema	_pg_foreign_data_wrappers	v	13998	authorization_identifier	19	f
information_schema	_pg_foreign_data_wrappers	v	13998	foreign_data_wrapper_language	1043	f
information_schema	_pg_foreign_servers	v	14010	oid	26	f
information_schema	_pg_foreign_servers	v	14010	srvoptions	1009	f
information_schema	_pg_foreign_servers	v	14010	foreign_server_catalog	19	f
information_schema	_pg_foreign_servers	v	14010	foreign_server_name	19	f
information_schema	_pg_foreign_servers	v	14010	foreign_data_wrapper_catalog	19	f
information_schema	_pg_foreign_servers	v	14010	foreign_data_wrapper_name	19	f
information_schema	_pg_foreign_servers	v	14010	foreign_server_type	1043	f
information_schema	_pg_foreign_servers	v	14010	foreign_server_version	1043	f
information_schema	_pg_foreign_servers	v	14010	authorization_identifier	19	f
information_schema	_pg_foreign_table_columns	v	13989	nspname	19	f
information_schema	_pg_foreign_table_columns	v	13989	relname	19	f
information_schema	_pg_foreign_table_columns	v	13989	attname	19	f
information_schema	_pg_foreign_table_columns	v	13989	attfdwoptions	1009	f
information_schema	_pg_foreign_tables	v	14022	foreign_table_catalog	19	f
information_schema	_pg_foreign_tables	v	14022	foreign_table_schema	19	f
information_schema	_pg_foreign_tables	v	14022	foreign_table_name	19	f
information_schema	_pg_foreign_tables	v	14022	ftoptions	1009	f
information_schema	_pg_foreign_tables	v	14022	foreign_server_catalog	19	f
information_schema	_pg_foreign_tables	v	14022	foreign_server_name	19	f
information_schema	_pg_foreign_tables	v	14022	authorization_identifier	19	f
information_schema	_pg_user_mappings	v	14035	oid	26	f
information_schema	_pg_user_mappings	v	14035	umoptions	1009	f
information_schema	_pg_user_mappings	v	14035	umuser	26	f
information_schema	_pg_user_mappings	v	14035	authorization_identifier	19	f
information_schema	_pg_user_mappings	v	14035	foreign_server_catalog	19	f
information_schema	_pg_user_mappings	v	14035	foreign_server_name	19	f
information_schema	_pg_user_mappings	v	14035	srvowner	19	f
information_schema	administrable_role_authorizations	v	13733	grantee	19	f
information_schema	administrable_role_authorizations	v	13733	role_name	19	f
information_schema	administrable_role_authorizations	v	13733	is_grantable	1043	f
information_schema	applicable_roles	v	13728	grantee	19	f
information_schema	applicable_roles	v	13728	role_name	19	f
information_schema	applicable_roles	v	13728	is_grantable	1043	f
information_schema	attributes	v	13737	udt_catalog	19	f
information_schema	attributes	v	13737	udt_schema	19	f
information_schema	attributes	v	13737	udt_name	19	f
information_schema	attributes	v	13737	attribute_name	19	f
information_schema	attributes	v	13737	ordinal_position	23	f
information_schema	attributes	v	13737	attribute_default	1043	f
information_schema	attributes	v	13737	is_nullable	1043	f
information_schema	attributes	v	13737	data_type	1043	f
information_schema	attributes	v	13737	character_maximum_length	23	f
information_schema	attributes	v	13737	character_octet_length	23	f
information_schema	attributes	v	13737	character_set_catalog	19	f
information_schema	attributes	v	13737	character_set_schema	19	f
information_schema	attributes	v	13737	character_set_name	19	f
information_schema	attributes	v	13737	collation_catalog	19	f
information_schema	attributes	v	13737	collation_schema	19	f
information_schema	attributes	v	13737	collation_name	19	f
information_schema	attributes	v	13737	numeric_precision	23	f
information_schema	attributes	v	13737	numeric_precision_radix	23	f
information_schema	attributes	v	13737	numeric_scale	23	f
information_schema	attributes	v	13737	datetime_precision	23	f
information_schema	attributes	v	13737	interval_type	1043	f
information_schema	attributes	v	13737	interval_precision	23	f
information_schema	attributes	v	13737	attribute_udt_catalog	19	f
information_schema	attributes	v	13737	attribute_udt_schema	19	f
information_schema	attributes	v	13737	attribute_udt_name	19	f
information_schema	attributes	v	13737	scope_catalog	19	f
information_schema	attributes	v	13737	scope_schema	19	f
information_schema	attributes	v	13737	scope_name	19	f
information_schema	attributes	v	13737	maximum_cardinality	23	f
information_schema	attributes	v	13737	dtd_identifier	19	f
information_schema	attributes	v	13737	is_derived_reference_attribute	1043	f
information_schema	character_sets	v	13742	character_set_catalog	19	f
information_schema	character_sets	v	13742	character_set_schema	19	f
information_schema	character_sets	v	13742	character_set_name	19	f
information_schema	character_sets	v	13742	character_repertoire	19	f
information_schema	character_sets	v	13742	form_of_use	19	f
information_schema	character_sets	v	13742	default_collate_catalog	19	f
information_schema	character_sets	v	13742	default_collate_schema	19	f
information_schema	character_sets	v	13742	default_collate_name	19	f
information_schema	check_constraint_routine_usage	v	13747	constraint_catalog	19	f
information_schema	check_constraint_routine_usage	v	13747	constraint_schema	19	f
information_schema	check_constraint_routine_usage	v	13747	constraint_name	19	f
information_schema	check_constraint_routine_usage	v	13747	specific_catalog	19	f
information_schema	check_constraint_routine_usage	v	13747	specific_schema	19	f
information_schema	check_constraint_routine_usage	v	13747	specific_name	19	f
information_schema	check_constraints	v	13752	constraint_catalog	19	f
information_schema	check_constraints	v	13752	constraint_schema	19	f
information_schema	check_constraints	v	13752	constraint_name	19	f
information_schema	check_constraints	v	13752	check_clause	1043	f
information_schema	collation_character_set_applicability	v	13762	collation_catalog	19	f
information_schema	collation_character_set_applicability	v	13762	collation_schema	19	f
information_schema	collation_character_set_applicability	v	13762	collation_name	19	f
information_schema	collation_character_set_applicability	v	13762	character_set_catalog	19	f
information_schema	collation_character_set_applicability	v	13762	character_set_schema	19	f
information_schema	collation_character_set_applicability	v	13762	character_set_name	19	f
information_schema	collations	v	13757	collation_catalog	19	f
information_schema	collations	v	13757	collation_schema	19	f
information_schema	collations	v	13757	collation_name	19	f
information_schema	collations	v	13757	pad_attribute	1043	f
information_schema	column_column_usage	v	13767	table_catalog	19	f
information_schema	column_column_usage	v	13767	table_schema	19	f
information_schema	column_column_usage	v	13767	table_name	19	f
information_schema	column_column_usage	v	13767	column_name	19	f
information_schema	column_column_usage	v	13767	dependent_column	19	f
information_schema	column_domain_usage	v	13772	domain_catalog	19	f
information_schema	column_domain_usage	v	13772	domain_schema	19	f
information_schema	column_domain_usage	v	13772	domain_name	19	f
information_schema	column_domain_usage	v	13772	table_catalog	19	f
information_schema	column_domain_usage	v	13772	table_schema	19	f
information_schema	column_domain_usage	v	13772	table_name	19	f
information_schema	column_domain_usage	v	13772	column_name	19	f
information_schema	column_options	v	13994	table_catalog	19	f
information_schema	column_options	v	13994	table_schema	19	f
information_schema	column_options	v	13994	table_name	19	f
information_schema	column_options	v	13994	column_name	19	f
information_schema	column_options	v	13994	option_name	19	f
information_schema	column_options	v	13994	option_value	1043	f
information_schema	column_privileges	v	13777	grantor	19	f
information_schema	column_privileges	v	13777	grantee	19	f
information_schema	column_privileges	v	13777	table_catalog	19	f
information_schema	column_privileges	v	13777	table_schema	19	f
information_schema	column_privileges	v	13777	table_name	19	f
information_schema	column_privileges	v	13777	column_name	19	f
information_schema	column_privileges	v	13777	privilege_type	1043	f
information_schema	column_privileges	v	13777	is_grantable	1043	f
information_schema	column_udt_usage	v	13782	udt_catalog	19	f
information_schema	column_udt_usage	v	13782	udt_schema	19	f
information_schema	column_udt_usage	v	13782	udt_name	19	f
information_schema	column_udt_usage	v	13782	table_catalog	19	f
information_schema	column_udt_usage	v	13782	table_schema	19	f
information_schema	column_udt_usage	v	13782	table_name	19	f
information_schema	column_udt_usage	v	13782	column_name	19	f
information_schema	columns	v	13787	table_catalog	19	f
information_schema	columns	v	13787	table_schema	19	f
information_schema	columns	v	13787	table_name	19	f
information_schema	columns	v	13787	column_name	19	f
information_schema	columns	v	13787	ordinal_position	23	f
information_schema	columns	v	13787	column_default	1043	f
information_schema	columns	v	13787	is_nullable	1043	f
information_schema	columns	v	13787	data_type	1043	f
information_schema	columns	v	13787	character_maximum_length	23	f
information_schema	columns	v	13787	character_octet_length	23	f
information_schema	columns	v	13787	numeric_precision	23	f
information_schema	columns	v	13787	numeric_precision_radix	23	f
information_schema	columns	v	13787	numeric_scale	23	f
information_schema	columns	v	13787	datetime_precision	23	f
information_schema	columns	v	13787	interval_type	1043	f
information_schema	columns	v	13787	interval_precision	23	f
information_schema	columns	v	13787	character_set_catalog	19	f
information_schema	columns	v	13787	character_set_schema	19	f
information_schema	columns	v	13787	character_set_name	19	f
information_schema	columns	v	13787	collation_catalog	19	f
information_schema	columns	v	13787	collation_schema	19	f
information_schema	columns	v	13787	collation_name	19	f
information_schema	columns	v	13787	domain_catalog	19	f
information_schema	columns	v	13787	domain_schema	19	f
information_schema	columns	v	13787	domain_name	19	f
information_schema	columns	v	13787	udt_catalog	19	f
information_schema	columns	v	13787	udt_schema	19	f
information_schema	columns	v	13787	udt_name	19	f
information_schema	columns	v	13787	scope_catalog	19	f
information_schema	columns	v	13787	scope_schema	19	f
information_schema	columns	v	13787	scope_name	19	f
information_schema	columns	v	13787	maximum_cardinality	23	f
information_schema	columns	v	13787	dtd_identifier	19	f
information_schema	columns	v	13787	is_self_referencing	1043	f
information_schema	columns	v	13787	is_identity	1043	f
information_schema	columns	v	13787	identity_generation	1043	f
information_schema	columns	v	13787	identity_start	1043	f
information_schema	columns	v	13787	identity_increment	1043	f
information_schema	columns	v	13787	identity_maximum	1043	f
information_schema	columns	v	13787	identity_minimum	1043	f
information_schema	columns	v	13787	identity_cycle	1043	f
information_schema	columns	v	13787	is_generated	1043	f
information_schema	columns	v	13787	generation_expression	1043	f
information_schema	columns	v	13787	is_updatable	1043	f
information_schema	constraint_column_usage	v	13792	table_catalog	19	f
information_schema	constraint_column_usage	v	13792	table_schema	19	f
information_schema	constraint_column_usage	v	13792	table_name	19	f
information_schema	constraint_column_usage	v	13792	column_name	19	f
information_schema	constraint_column_usage	v	13792	constraint_catalog	19	f
information_schema	constraint_column_usage	v	13792	constraint_schema	19	f
information_schema	constraint_column_usage	v	13792	constraint_name	19	f
information_schema	constraint_table_usage	v	13797	table_catalog	19	f
information_schema	constraint_table_usage	v	13797	table_schema	19	f
information_schema	constraint_table_usage	v	13797	table_name	19	f
information_schema	constraint_table_usage	v	13797	constraint_catalog	19	f
information_schema	constraint_table_usage	v	13797	constraint_schema	19	f
information_schema	constraint_table_usage	v	13797	constraint_name	19	f
information_schema	data_type_privileges	v	13979	object_catalog	19	f
information_schema	data_type_privileges	v	13979	object_schema	19	f
information_schema	data_type_privileges	v	13979	object_name	19	f
information_schema	data_type_privileges	v	13979	object_type	1043	f
information_schema	data_type_privileges	v	13979	dtd_identifier	19	f
information_schema	domain_constraints	v	13802	constraint_catalog	19	f
information_schema	domain_constraints	v	13802	constraint_schema	19	f
information_schema	domain_constraints	v	13802	constraint_name	19	f
information_schema	domain_constraints	v	13802	domain_catalog	19	f
information_schema	domain_constraints	v	13802	domain_schema	19	f
information_schema	domain_constraints	v	13802	domain_name	19	f
information_schema	domain_constraints	v	13802	is_deferrable	1043	f
information_schema	domain_constraints	v	13802	initially_deferred	1043	f
information_schema	domain_udt_usage	v	13807	udt_catalog	19	f
information_schema	domain_udt_usage	v	13807	udt_schema	19	f
information_schema	domain_udt_usage	v	13807	udt_name	19	f
information_schema	domain_udt_usage	v	13807	domain_catalog	19	f
information_schema	domain_udt_usage	v	13807	domain_schema	19	f
information_schema	domain_udt_usage	v	13807	domain_name	19	f
information_schema	domains	v	13811	domain_catalog	19	f
information_schema	domains	v	13811	domain_schema	19	f
information_schema	domains	v	13811	domain_name	19	f
information_schema	domains	v	13811	data_type	1043	f
information_schema	domains	v	13811	character_maximum_length	23	f
information_schema	domains	v	13811	character_octet_length	23	f
information_schema	domains	v	13811	character_set_catalog	19	f
information_schema	domains	v	13811	character_set_schema	19	f
information_schema	domains	v	13811	character_set_name	19	f
information_schema	domains	v	13811	collation_catalog	19	f
information_schema	domains	v	13811	collation_schema	19	f
information_schema	domains	v	13811	collation_name	19	f
information_schema	domains	v	13811	numeric_precision	23	f
information_schema	domains	v	13811	numeric_precision_radix	23	f
information_schema	domains	v	13811	numeric_scale	23	f
information_schema	domains	v	13811	datetime_precision	23	f
information_schema	domains	v	13811	interval_type	1043	f
information_schema	domains	v	13811	interval_precision	23	f
information_schema	domains	v	13811	domain_default	1043	f
information_schema	domains	v	13811	udt_catalog	19	f
information_schema	domains	v	13811	udt_schema	19	f
information_schema	domains	v	13811	udt_name	19	f
information_schema	domains	v	13811	scope_catalog	19	f
information_schema	domains	v	13811	scope_schema	19	f
information_schema	domains	v	13811	scope_name	19	f
information_schema	domains	v	13811	maximum_cardinality	23	f
information_schema	domains	v	13811	dtd_identifier	19	f
information_schema	element_types	v	13984	object_catalog	19	f
information_schema	element_types	v	13984	object_schema	19	f
information_schema	element_types	v	13984	object_name	19	f
information_schema	element_types	v	13984	object_type	1043	f
information_schema	element_types	v	13984	collection_type_identifier	19	f
information_schema	element_types	v	13984	data_type	1043	f
information_schema	element_types	v	13984	character_maximum_length	23	f
information_schema	element_types	v	13984	character_octet_length	23	f
information_schema	element_types	v	13984	character_set_catalog	19	f
information_schema	element_types	v	13984	character_set_schema	19	f
information_schema	element_types	v	13984	character_set_name	19	f
information_schema	element_types	v	13984	collation_catalog	19	f
information_schema	element_types	v	13984	collation_schema	19	f
information_schema	element_types	v	13984	collation_name	19	f
information_schema	element_types	v	13984	numeric_precision	23	f
information_schema	element_types	v	13984	numeric_precision_radix	23	f
information_schema	element_types	v	13984	numeric_scale	23	f
information_schema	element_types	v	13984	datetime_precision	23	f
information_schema	element_types	v	13984	interval_type	1043	f
information_schema	element_types	v	13984	interval_precision	23	f
information_schema	element_types	v	13984	udt_catalog	19	f
information_schema	element_types	v	13984	udt_schema	19	f
information_schema	element_types	v	13984	udt_name	19	f
information_schema	element_types	v	13984	scope_catalog	19	f
information_schema	element_types	v	13984	scope_schema	19	f
information_schema	element_types	v	13984	scope_name	19	f
information_schema	element_types	v	13984	maximum_cardinality	23	f
information_schema	element_types	v	13984	dtd_identifier	19	f
information_schema	enabled_roles	v	13816	role_name	19	f
information_schema	foreign_data_wrapper_options	v	14002	foreign_data_wrapper_catalog	19	f
information_schema	foreign_data_wrapper_options	v	14002	foreign_data_wrapper_name	19	f
information_schema	foreign_data_wrapper_options	v	14002	option_name	19	f
information_schema	foreign_data_wrapper_options	v	14002	option_value	1043	f
information_schema	foreign_data_wrappers	v	14006	foreign_data_wrapper_catalog	19	f
information_schema	foreign_data_wrappers	v	14006	foreign_data_wrapper_name	19	f
information_schema	foreign_data_wrappers	v	14006	authorization_identifier	19	f
information_schema	foreign_data_wrappers	v	14006	library_name	1043	f
information_schema	foreign_data_wrappers	v	14006	foreign_data_wrapper_language	1043	f
information_schema	foreign_server_options	v	14014	foreign_server_catalog	19	f
information_schema	foreign_server_options	v	14014	foreign_server_name	19	f
information_schema	foreign_server_options	v	14014	option_name	19	f
information_schema	foreign_server_options	v	14014	option_value	1043	f
information_schema	foreign_servers	v	14018	foreign_server_catalog	19	f
information_schema	foreign_servers	v	14018	foreign_server_name	19	f
information_schema	foreign_servers	v	14018	foreign_data_wrapper_catalog	19	f
information_schema	foreign_servers	v	14018	foreign_data_wrapper_name	19	f
information_schema	foreign_servers	v	14018	foreign_server_type	1043	f
information_schema	foreign_servers	v	14018	foreign_server_version	1043	f
information_schema	foreign_servers	v	14018	authorization_identifier	19	f
information_schema	foreign_table_options	v	14027	foreign_table_catalog	19	f
information_schema	foreign_table_options	v	14027	foreign_table_schema	19	f
information_schema	foreign_table_options	v	14027	foreign_table_name	19	f
information_schema	foreign_table_options	v	14027	option_name	19	f
information_schema	foreign_table_options	v	14027	option_value	1043	f
information_schema	foreign_tables	v	14031	foreign_table_catalog	19	f
information_schema	foreign_tables	v	14031	foreign_table_schema	19	f
information_schema	foreign_tables	v	14031	foreign_table_name	19	f
information_schema	foreign_tables	v	14031	foreign_server_catalog	19	f
information_schema	foreign_tables	v	14031	foreign_server_name	19	f
information_schema	information_schema_catalog_name	v	13719	catalog_name	19	f
information_schema	key_column_usage	v	13820	constraint_catalog	19	f
information_schema	key_column_usage	v	13820	constraint_schema	19	f
information_schema	key_column_usage	v	13820	constraint_name	19	f
information_schema	key_column_usage	v	13820	table_catalog	19	f
information_schema	key_column_usage	v	13820	table_schema	19	f
information_schema	key_column_usage	v	13820	table_name	19	f
information_schema	key_column_usage	v	13820	column_name	19	f
information_schema	key_column_usage	v	13820	ordinal_position	23	f
information_schema	key_column_usage	v	13820	position_in_unique_constraint	23	f
information_schema	parameters	v	13825	specific_catalog	19	f
information_schema	parameters	v	13825	specific_schema	19	f
information_schema	parameters	v	13825	specific_name	19	f
information_schema	parameters	v	13825	ordinal_position	23	f
information_schema	parameters	v	13825	parameter_mode	1043	f
information_schema	parameters	v	13825	is_result	1043	f
information_schema	parameters	v	13825	as_locator	1043	f
information_schema	parameters	v	13825	parameter_name	19	f
information_schema	parameters	v	13825	data_type	1043	f
information_schema	parameters	v	13825	character_maximum_length	23	f
information_schema	parameters	v	13825	character_octet_length	23	f
information_schema	parameters	v	13825	character_set_catalog	19	f
information_schema	parameters	v	13825	character_set_schema	19	f
information_schema	parameters	v	13825	character_set_name	19	f
information_schema	parameters	v	13825	collation_catalog	19	f
information_schema	parameters	v	13825	collation_schema	19	f
information_schema	parameters	v	13825	collation_name	19	f
information_schema	parameters	v	13825	numeric_precision	23	f
information_schema	parameters	v	13825	numeric_precision_radix	23	f
information_schema	parameters	v	13825	numeric_scale	23	f
information_schema	parameters	v	13825	datetime_precision	23	f
information_schema	parameters	v	13825	interval_type	1043	f
information_schema	parameters	v	13825	interval_precision	23	f
information_schema	parameters	v	13825	udt_catalog	19	f
information_schema	parameters	v	13825	udt_schema	19	f
information_schema	parameters	v	13825	udt_name	19	f
information_schema	parameters	v	13825	scope_catalog	19	f
information_schema	parameters	v	13825	scope_schema	19	f
information_schema	parameters	v	13825	scope_name	19	f
information_schema	parameters	v	13825	maximum_cardinality	23	f
information_schema	parameters	v	13825	dtd_identifier	19	f
information_schema	parameters	v	13825	parameter_default	1043	f
information_schema	referential_constraints	v	13830	constraint_catalog	19	f
information_schema	referential_constraints	v	13830	constraint_schema	19	f
information_schema	referential_constraints	v	13830	constraint_name	19	f
information_schema	referential_constraints	v	13830	unique_constraint_catalog	19	f
information_schema	referential_constraints	v	13830	unique_constraint_schema	19	f
information_schema	referential_constraints	v	13830	unique_constraint_name	19	f
information_schema	referential_constraints	v	13830	match_option	1043	f
information_schema	referential_constraints	v	13830	update_rule	1043	f
information_schema	referential_constraints	v	13830	delete_rule	1043	f
information_schema	role_column_grants	v	13835	grantor	19	f
information_schema	role_column_grants	v	13835	grantee	19	f
information_schema	role_column_grants	v	13835	table_catalog	19	f
information_schema	role_column_grants	v	13835	table_schema	19	f
information_schema	role_column_grants	v	13835	table_name	19	f
information_schema	role_column_grants	v	13835	column_name	19	f
information_schema	role_column_grants	v	13835	privilege_type	1043	f
information_schema	role_column_grants	v	13835	is_grantable	1043	f
information_schema	role_routine_grants	v	13849	grantor	19	f
information_schema	role_routine_grants	v	13849	grantee	19	f
information_schema	role_routine_grants	v	13849	specific_catalog	19	f
information_schema	role_routine_grants	v	13849	specific_schema	19	f
information_schema	role_routine_grants	v	13849	specific_name	19	f
information_schema	role_routine_grants	v	13849	routine_catalog	19	f
information_schema	role_routine_grants	v	13849	routine_schema	19	f
information_schema	role_routine_grants	v	13849	routine_name	19	f
information_schema	role_routine_grants	v	13849	privilege_type	1043	f
information_schema	role_routine_grants	v	13849	is_grantable	1043	f
information_schema	role_table_grants	v	13912	grantor	19	f
information_schema	role_table_grants	v	13912	grantee	19	f
information_schema	role_table_grants	v	13912	table_catalog	19	f
information_schema	role_table_grants	v	13912	table_schema	19	f
information_schema	role_table_grants	v	13912	table_name	19	f
information_schema	role_table_grants	v	13912	privilege_type	1043	f
information_schema	role_table_grants	v	13912	is_grantable	1043	f
information_schema	role_table_grants	v	13912	with_hierarchy	1043	f
information_schema	role_udt_grants	v	13941	grantor	19	f
information_schema	role_udt_grants	v	13941	grantee	19	f
information_schema	role_udt_grants	v	13941	udt_catalog	19	f
information_schema	role_udt_grants	v	13941	udt_schema	19	f
information_schema	role_udt_grants	v	13941	udt_name	19	f
information_schema	role_udt_grants	v	13941	privilege_type	1043	f
information_schema	role_udt_grants	v	13941	is_grantable	1043	f
information_schema	role_usage_grants	v	13950	grantor	19	f
information_schema	role_usage_grants	v	13950	grantee	19	f
information_schema	role_usage_grants	v	13950	object_catalog	19	f
information_schema	role_usage_grants	v	13950	object_schema	19	f
information_schema	role_usage_grants	v	13950	object_name	19	f
information_schema	role_usage_grants	v	13950	object_type	1043	f
information_schema	role_usage_grants	v	13950	privilege_type	1043	f
information_schema	role_usage_grants	v	13950	is_grantable	1043	f
information_schema	routine_column_usage	v	13839	specific_catalog	19	f
information_schema	routine_column_usage	v	13839	specific_schema	19	f
information_schema	routine_column_usage	v	13839	specific_name	19	f
information_schema	routine_column_usage	v	13839	routine_catalog	19	f
information_schema	routine_column_usage	v	13839	routine_schema	19	f
information_schema	routine_column_usage	v	13839	routine_name	19	f
information_schema	routine_column_usage	v	13839	table_catalog	19	f
information_schema	routine_column_usage	v	13839	table_schema	19	f
information_schema	routine_column_usage	v	13839	table_name	19	f
information_schema	routine_column_usage	v	13839	column_name	19	f
information_schema	routine_privileges	v	13844	grantor	19	f
information_schema	routine_privileges	v	13844	grantee	19	f
information_schema	routine_privileges	v	13844	specific_catalog	19	f
information_schema	routine_privileges	v	13844	specific_schema	19	f
information_schema	routine_privileges	v	13844	specific_name	19	f
information_schema	routine_privileges	v	13844	routine_catalog	19	f
information_schema	routine_privileges	v	13844	routine_schema	19	f
information_schema	routine_privileges	v	13844	routine_name	19	f
information_schema	routine_privileges	v	13844	privilege_type	1043	f
information_schema	routine_privileges	v	13844	is_grantable	1043	f
information_schema	routine_routine_usage	v	13853	specific_catalog	19	f
information_schema	routine_routine_usage	v	13853	specific_schema	19	f
information_schema	routine_routine_usage	v	13853	specific_name	19	f
information_schema	routine_routine_usage	v	13853	routine_catalog	19	f
information_schema	routine_routine_usage	v	13853	routine_schema	19	f
information_schema	routine_routine_usage	v	13853	routine_name	19	f
information_schema	routine_sequence_usage	v	13858	specific_catalog	19	f
information_schema	routine_sequence_usage	v	13858	specific_schema	19	f
information_schema	routine_sequence_usage	v	13858	specific_name	19	f
information_schema	routine_sequence_usage	v	13858	routine_catalog	19	f
information_schema	routine_sequence_usage	v	13858	routine_schema	19	f
information_schema	routine_sequence_usage	v	13858	routine_name	19	f
information_schema	routine_sequence_usage	v	13858	sequence_catalog	19	f
information_schema	routine_sequence_usage	v	13858	sequence_schema	19	f
information_schema	routine_sequence_usage	v	13858	sequence_name	19	f
information_schema	routine_table_usage	v	13863	specific_catalog	19	f
information_schema	routine_table_usage	v	13863	specific_schema	19	f
information_schema	routine_table_usage	v	13863	specific_name	19	f
information_schema	routine_table_usage	v	13863	routine_catalog	19	f
information_schema	routine_table_usage	v	13863	routine_schema	19	f
information_schema	routine_table_usage	v	13863	routine_name	19	f
information_schema	routine_table_usage	v	13863	table_catalog	19	f
information_schema	routine_table_usage	v	13863	table_schema	19	f
information_schema	routine_table_usage	v	13863	table_name	19	f
information_schema	routines	v	13868	specific_catalog	19	f
information_schema	routines	v	13868	specific_schema	19	f
information_schema	routines	v	13868	specific_name	19	f
information_schema	routines	v	13868	routine_catalog	19	f
information_schema	routines	v	13868	routine_schema	19	f
information_schema	routines	v	13868	routine_name	19	f
information_schema	routines	v	13868	routine_type	1043	f
information_schema	routines	v	13868	module_catalog	19	f
information_schema	routines	v	13868	module_schema	19	f
information_schema	routines	v	13868	module_name	19	f
information_schema	routines	v	13868	udt_catalog	19	f
information_schema	routines	v	13868	udt_schema	19	f
information_schema	routines	v	13868	udt_name	19	f
information_schema	routines	v	13868	data_type	1043	f
information_schema	routines	v	13868	character_maximum_length	23	f
information_schema	routines	v	13868	character_octet_length	23	f
information_schema	routines	v	13868	character_set_catalog	19	f
information_schema	routines	v	13868	character_set_schema	19	f
information_schema	routines	v	13868	character_set_name	19	f
information_schema	routines	v	13868	collation_catalog	19	f
information_schema	routines	v	13868	collation_schema	19	f
information_schema	routines	v	13868	collation_name	19	f
information_schema	routines	v	13868	numeric_precision	23	f
information_schema	routines	v	13868	numeric_precision_radix	23	f
information_schema	routines	v	13868	numeric_scale	23	f
information_schema	routines	v	13868	datetime_precision	23	f
information_schema	routines	v	13868	interval_type	1043	f
information_schema	routines	v	13868	interval_precision	23	f
information_schema	routines	v	13868	type_udt_catalog	19	f
information_schema	routines	v	13868	type_udt_schema	19	f
information_schema	routines	v	13868	type_udt_name	19	f
information_schema	routines	v	13868	scope_catalog	19	f
information_schema	routines	v	13868	scope_schema	19	f
information_schema	routines	v	13868	scope_name	19	f
information_schema	routines	v	13868	maximum_cardinality	23	f
information_schema	routines	v	13868	dtd_identifier	19	f
information_schema	routines	v	13868	routine_body	1043	f
information_schema	routines	v	13868	routine_definition	1043	f
information_schema	routines	v	13868	external_name	1043	f
information_schema	routines	v	13868	external_language	1043	f
information_schema	routines	v	13868	parameter_style	1043	f
information_schema	routines	v	13868	is_deterministic	1043	f
information_schema	routines	v	13868	sql_data_access	1043	f
information_schema	routines	v	13868	is_null_call	1043	f
information_schema	routines	v	13868	sql_path	1043	f
information_schema	routines	v	13868	schema_level_routine	1043	f
information_schema	routines	v	13868	max_dynamic_result_sets	23	f
information_schema	routines	v	13868	is_user_defined_cast	1043	f
information_schema	routines	v	13868	is_implicitly_invocable	1043	f
information_schema	routines	v	13868	security_type	1043	f
information_schema	routines	v	13868	to_sql_specific_catalog	19	f
information_schema	routines	v	13868	to_sql_specific_schema	19	f
information_schema	routines	v	13868	to_sql_specific_name	19	f
information_schema	routines	v	13868	as_locator	1043	f
information_schema	routines	v	13868	created	1184	f
information_schema	routines	v	13868	last_altered	1184	f
information_schema	routines	v	13868	new_savepoint_level	1043	f
information_schema	routines	v	13868	is_udt_dependent	1043	f
information_schema	routines	v	13868	result_cast_from_data_type	1043	f
information_schema	routines	v	13868	result_cast_as_locator	1043	f
information_schema	routines	v	13868	result_cast_char_max_length	23	f
information_schema	routines	v	13868	result_cast_char_octet_length	23	f
information_schema	routines	v	13868	result_cast_char_set_catalog	19	f
information_schema	routines	v	13868	result_cast_char_set_schema	19	f
information_schema	routines	v	13868	result_cast_char_set_name	19	f
information_schema	routines	v	13868	result_cast_collation_catalog	19	f
information_schema	routines	v	13868	result_cast_collation_schema	19	f
information_schema	routines	v	13868	result_cast_collation_name	19	f
information_schema	routines	v	13868	result_cast_numeric_precision	23	f
information_schema	routines	v	13868	result_cast_numeric_precision_radix	23	f
information_schema	routines	v	13868	result_cast_numeric_scale	23	f
information_schema	routines	v	13868	result_cast_datetime_precision	23	f
information_schema	routines	v	13868	result_cast_interval_type	1043	f
information_schema	routines	v	13868	result_cast_interval_precision	23	f
information_schema	routines	v	13868	result_cast_type_udt_catalog	19	f
information_schema	routines	v	13868	result_cast_type_udt_schema	19	f
information_schema	routines	v	13868	result_cast_type_udt_name	19	f
information_schema	routines	v	13868	result_cast_scope_catalog	19	f
information_schema	routines	v	13868	result_cast_scope_schema	19	f
information_schema	routines	v	13868	result_cast_scope_name	19	f
information_schema	routines	v	13868	result_cast_maximum_cardinality	23	f
information_schema	routines	v	13868	result_cast_dtd_identifier	19	f
information_schema	schemata	v	13873	catalog_name	19	f
information_schema	schemata	v	13873	schema_name	19	f
information_schema	schemata	v	13873	schema_owner	19	f
information_schema	schemata	v	13873	default_character_set_catalog	19	f
information_schema	schemata	v	13873	default_character_set_schema	19	f
information_schema	schemata	v	13873	default_character_set_name	19	f
information_schema	schemata	v	13873	sql_path	1043	f
information_schema	sequences	v	13877	sequence_catalog	19	f
information_schema	sequences	v	13877	sequence_schema	19	f
information_schema	sequences	v	13877	sequence_name	19	f
information_schema	sequences	v	13877	data_type	1043	f
information_schema	sequences	v	13877	numeric_precision	23	f
information_schema	sequences	v	13877	numeric_precision_radix	23	f
information_schema	sequences	v	13877	numeric_scale	23	f
information_schema	sequences	v	13877	start_value	1043	f
information_schema	sequences	v	13877	minimum_value	1043	f
information_schema	sequences	v	13877	maximum_value	1043	f
information_schema	sequences	v	13877	increment	1043	f
information_schema	sequences	v	13877	cycle_option	1043	f
information_schema	sql_features	r	13882	feature_id	1043	f
information_schema	sql_features	r	13882	feature_name	1043	f
information_schema	sql_features	r	13882	sub_feature_id	1043	f
information_schema	sql_features	r	13882	sub_feature_name	1043	f
information_schema	sql_features	r	13882	is_supported	1043	f
information_schema	sql_features	r	13882	is_verified_by	1043	f
information_schema	sql_features	r	13882	comments	1043	f
information_schema	sql_implementation_info	r	13887	implementation_info_id	1043	f
information_schema	sql_implementation_info	r	13887	implementation_info_name	1043	f
information_schema	sql_implementation_info	r	13887	integer_value	23	f
information_schema	sql_implementation_info	r	13887	character_value	1043	f
information_schema	sql_implementation_info	r	13887	comments	1043	f
information_schema	sql_parts	r	13892	feature_id	1043	f
information_schema	sql_parts	r	13892	feature_name	1043	f
information_schema	sql_parts	r	13892	is_supported	1043	f
information_schema	sql_parts	r	13892	is_verified_by	1043	f
information_schema	sql_parts	r	13892	comments	1043	f
information_schema	sql_sizing	r	13897	sizing_id	23	f
information_schema	sql_sizing	r	13897	sizing_name	1043	f
information_schema	sql_sizing	r	13897	supported_value	23	f
information_schema	sql_sizing	r	13897	comments	1043	f
information_schema	table_constraints	v	13902	constraint_catalog	19	f
information_schema	table_constraints	v	13902	constraint_schema	19	f
information_schema	table_constraints	v	13902	constraint_name	19	f
information_schema	table_constraints	v	13902	table_catalog	19	f
information_schema	table_constraints	v	13902	table_schema	19	f
information_schema	table_constraints	v	13902	table_name	19	f
information_schema	table_constraints	v	13902	constraint_type	1043	f
information_schema	table_constraints	v	13902	is_deferrable	1043	f
information_schema	table_constraints	v	13902	initially_deferred	1043	f
information_schema	table_constraints	v	13902	enforced	1043	f
information_schema	table_constraints	v	13902	nulls_distinct	1043	f
information_schema	table_privileges	v	13907	grantor	19	f
information_schema	table_privileges	v	13907	grantee	19	f
information_schema	table_privileges	v	13907	table_catalog	19	f
information_schema	table_privileges	v	13907	table_schema	19	f
information_schema	table_privileges	v	13907	table_name	19	f
information_schema	table_privileges	v	13907	privilege_type	1043	f
information_schema	table_privileges	v	13907	is_grantable	1043	f
information_schema	table_privileges	v	13907	with_hierarchy	1043	f
information_schema	tables	v	13916	table_catalog	19	f
information_schema	tables	v	13916	table_schema	19	f
information_schema	tables	v	13916	table_name	19	f
information_schema	tables	v	13916	table_type	1043	f
information_schema	tables	v	13916	self_referencing_column_name	19	f
information_schema	tables	v	13916	reference_generation	1043	f
information_schema	tables	v	13916	user_defined_type_catalog	19	f
information_schema	tables	v	13916	user_defined_type_schema	19	f
information_schema	tables	v	13916	user_defined_type_name	19	f
information_schema	tables	v	13916	is_insertable_into	1043	f
information_schema	tables	v	13916	is_typed	1043	f
information_schema	tables	v	13916	commit_action	1043	f
information_schema	transforms	v	13921	udt_catalog	19	f
information_schema	transforms	v	13921	udt_schema	19	f
information_schema	transforms	v	13921	udt_name	19	f
information_schema	transforms	v	13921	specific_catalog	19	f
information_schema	transforms	v	13921	specific_schema	19	f
information_schema	transforms	v	13921	specific_name	19	f
information_schema	transforms	v	13921	group_name	19	f
information_schema	transforms	v	13921	transform_type	1043	f
information_schema	triggered_update_columns	v	13926	trigger_catalog	19	f
information_schema	triggered_update_columns	v	13926	trigger_schema	19	f
information_schema	triggered_update_columns	v	13926	trigger_name	19	f
information_schema	triggered_update_columns	v	13926	event_object_catalog	19	f
information_schema	triggered_update_columns	v	13926	event_object_schema	19	f
information_schema	triggered_update_columns	v	13926	event_object_table	19	f
information_schema	triggered_update_columns	v	13926	event_object_column	19	f
information_schema	triggers	v	13931	trigger_catalog	19	f
information_schema	triggers	v	13931	trigger_schema	19	f
information_schema	triggers	v	13931	trigger_name	19	f
information_schema	triggers	v	13931	event_manipulation	1043	f
information_schema	triggers	v	13931	event_object_catalog	19	f
information_schema	triggers	v	13931	event_object_schema	19	f
information_schema	triggers	v	13931	event_object_table	19	f
information_schema	triggers	v	13931	action_order	23	f
information_schema	triggers	v	13931	action_condition	1043	f
information_schema	triggers	v	13931	action_statement	1043	f
information_schema	triggers	v	13931	action_orientation	1043	f
information_schema	triggers	v	13931	action_timing	1043	f
information_schema	triggers	v	13931	action_reference_old_table	19	f
information_schema	triggers	v	13931	action_reference_new_table	19	f
information_schema	triggers	v	13931	action_reference_old_row	19	f
information_schema	triggers	v	13931	action_reference_new_row	19	f
information_schema	triggers	v	13931	created	1184	f
information_schema	udt_privileges	v	13936	grantor	19	f
information_schema	udt_privileges	v	13936	grantee	19	f
information_schema	udt_privileges	v	13936	udt_catalog	19	f
information_schema	udt_privileges	v	13936	udt_schema	19	f
information_schema	udt_privileges	v	13936	udt_name	19	f
information_schema	udt_privileges	v	13936	privilege_type	1043	f
information_schema	udt_privileges	v	13936	is_grantable	1043	f
information_schema	usage_privileges	v	13945	grantor	19	f
information_schema	usage_privileges	v	13945	grantee	19	f
information_schema	usage_privileges	v	13945	object_catalog	19	f
information_schema	usage_privileges	v	13945	object_schema	19	f
information_schema	usage_privileges	v	13945	object_name	19	f
information_schema	usage_privileges	v	13945	object_type	1043	f
information_schema	usage_privileges	v	13945	privilege_type	1043	f
information_schema	usage_privileges	v	13945	is_grantable	1043	f
information_schema	user_defined_types	v	13954	user_defined_type_catalog	19	f
information_schema	user_defined_types	v	13954	user_defined_type_schema	19	f
information_schema	user_defined_types	v	13954	user_defined_type_name	19	f
information_schema	user_defined_types	v	13954	user_defined_type_category	1043	f
information_schema	user_defined_types	v	13954	is_instantiable	1043	f
information_schema	user_defined_types	v	13954	is_final	1043	f
information_schema	user_defined_types	v	13954	ordering_form	1043	f
information_schema	user_defined_types	v	13954	ordering_category	1043	f
information_schema	user_defined_types	v	13954	ordering_routine_catalog	19	f
information_schema	user_defined_types	v	13954	ordering_routine_schema	19	f
information_schema	user_defined_types	v	13954	ordering_routine_name	19	f
information_schema	user_defined_types	v	13954	reference_type	1043	f
information_schema	user_defined_types	v	13954	data_type	1043	f
information_schema	user_defined_types	v	13954	character_maximum_length	23	f
information_schema	user_defined_types	v	13954	character_octet_length	23	f
information_schema	user_defined_types	v	13954	character_set_catalog	19	f
information_schema	user_defined_types	v	13954	character_set_schema	19	f
information_schema	user_defined_types	v	13954	character_set_name	19	f
information_schema	user_defined_types	v	13954	collation_catalog	19	f
information_schema	user_defined_types	v	13954	collation_schema	19	f
information_schema	user_defined_types	v	13954	collation_name	19	f
information_schema	user_defined_types	v	13954	numeric_precision	23	f
information_schema	user_defined_types	v	13954	numeric_precision_radix	23	f
information_schema	user_defined_types	v	13954	numeric_scale	23	f
information_schema	user_defined_types	v	13954	datetime_precision	23	f
information_schema	user_defined_types	v	13954	interval_type	1043	f
information_schema	user_defined_types	v	13954	interval_precision	23	f
information_schema	user_defined_types	v	13954	source_dtd_identifier	19	f
information_schema	user_defined_types	v	13954	ref_dtd_identifier	19	f
information_schema	user_mapping_options	v	14040	authorization_identifier	19	f
information_schema	user_mapping_options	v	14040	foreign_server_catalog	19	f
information_schema	user_mapping_options	v	14040	foreign_server_name	19	f
information_schema	user_mapping_options	v	14040	option_name	19	f
information_schema	user_mapping_options	v	14040	option_value	1043	f
information_schema	user_mappings	v	14045	authorization_identifier	19	f
information_schema	user_mappings	v	14045	foreign_server_catalog	19	f
information_schema	user_mappings	v	14045	foreign_server_name	19	f
information_schema	view_column_usage	v	13959	view_catalog	19	f
information_schema	view_column_usage	v	13959	view_schema	19	f
information_schema	view_column_usage	v	13959	view_name	19	f
information_schema	view_column_usage	v	13959	table_catalog	19	f
information_schema	view_column_usage	v	13959	table_schema	19	f
information_schema	view_column_usage	v	13959	table_name	19	f
information_schema	view_column_usage	v	13959	column_name	19	f
information_schema	view_routine_usage	v	13964	table_catalog	19	f
information_schema	view_routine_usage	v	13964	table_schema	19	f
information_schema	view_routine_usage	v	13964	table_name	19	f
information_schema	view_routine_usage	v	13964	specific_catalog	19	f
information_schema	view_routine_usage	v	13964	specific_schema	19	f
information_schema	view_routine_usage	v	13964	specific_name	19	f
information_schema	view_table_usage	v	13969	view_catalog	19	f
information_schema	view_table_usage	v	13969	view_schema	19	f
information_schema	view_table_usage	v	13969	view_name	19	f
information_schema	view_table_usage	v	13969	table_catalog	19	f
information_schema	view_table_usage	v	13969	table_schema	19	f
information_schema	view_table_usage	v	13969	table_name	19	f
information_schema	views	v	13974	table_catalog	19	f
information_schema	views	v	13974	table_schema	19	f
information_schema	views	v	13974	table_name	19	f
information_schema	views	v	13974	view_definition	1043	f
information_schema	views	v	13974	check_option	1043	f
information_schema	views	v	13974	is_updatable	1043	f
information_schema	views	v	13974	is_insertable_into	1043	f
information_schema	views	v	13974	is_trigger_updatable	1043	f
information_schema	views	v	13974	is_trigger_deletable	1043	f
information_schema	views	v	13974	is_trigger_insertable_into	1043	f
pg_catalog	pg_aggregate	r	2600	aggfnoid	24	t
pg_catalog	pg_aggregate	r	2600	aggkind	18	t
pg_catalog	pg_aggregate	r	2600	aggnumdirectargs	21	t
pg_catalog	pg_aggregate	r	2600	aggtransfn	24	t
pg_catalog	pg_aggregate	r	2600	aggfinalfn	24	t
pg_catalog	pg_aggregate	r	2600	aggcombinefn	24	t
pg_catalog	pg_aggregate	r	2600	aggserialfn	24	t
pg_catalog	pg_aggregate	r	2600	aggdeserialfn	24	t
pg_catalog	pg_aggregate	r	2600	aggmtransfn	24	t
pg_catalog	pg_aggregate	r	2600	aggminvtransfn	24	t
pg_catalog	pg_aggregate	r	2600	aggmfinalfn	24	t
pg_catalog	pg_aggregate	r	2600	aggfinalextra	16	t
pg_catalog	pg_aggregate	r	2600	aggmfinalextra	16	t
pg_catalog	pg_aggregate	r	2600	aggfinalmodify	18	t
pg_catalog	pg_aggregate	r	2600	aggmfinalmodify	18	t
pg_catalog	pg_aggregate	r	2600	aggsortop	26	t
pg_catalog	pg_aggregate	r	2600	aggtranstype	26	t
pg_catalog	pg_aggregate	r	2600	aggtransspace	23	t
pg_catalog	pg_aggregate	r	2600	aggmtranstype	26	t
pg_catalog	pg_aggregate	r	2600	aggmtransspace	23	t
pg_catalog	pg_aggregate	r	2600	agginitval	25	f
pg_catalog	pg_aggregate	r	2600	aggminitval	25	f
pg_catalog	pg_aios	v	12355	pid	23	f
pg_catalog	pg_aios	v	12355	io_id	23	f
pg_catalog	pg_aios	v	12355	io_generation	20	f
pg_catalog	pg_aios	v	12355	state	25	f
pg_catalog	pg_aios	v	12355	operation	25	f
pg_catalog	pg_aios	v	12355	off	20	f
pg_catalog	pg_aios	v	12355	length	20	f
pg_catalog	pg_aios	v	12355	target	25	f
pg_catalog	pg_aios	v	12355	handle_data_len	21	f
pg_catalog	pg_aios	v	12355	raw_result	23	f
pg_catalog	pg_aios	v	12355	result	25	f
pg_catalog	pg_aios	v	12355	target_desc	25	f
pg_catalog	pg_aios	v	12355	f_sync	16	f
pg_catalog	pg_aios	v	12355	f_localmem	16	f
pg_catalog	pg_aios	v	12355	f_buffered	16	f
pg_catalog	pg_am	r	2601	oid	26	t
pg_catalog	pg_am	r	2601	amname	19	t
pg_catalog	pg_am	r	2601	amhandler	24	t
pg_catalog	pg_am	r	2601	amtype	18	t
pg_catalog	pg_amop	r	2602	oid	26	t
pg_catalog	pg_amop	r	2602	amopfamily	26	t
pg_catalog	pg_amop	r	2602	amoplefttype	26	t
pg_catalog	pg_amop	r	2602	amoprighttype	26	t
pg_catalog	pg_amop	r	2602	amopstrategy	21	t
pg_catalog	pg_amop	r	2602	amoppurpose	18	t
pg_catalog	pg_amop	r	2602	amopopr	26	t
pg_catalog	pg_amop	r	2602	amopmethod	26	t
pg_catalog	pg_amop	r	2602	amopsortfamily	26	t
pg_catalog	pg_amproc	r	2603	oid	26	t
pg_catalog	pg_amproc	r	2603	amprocfamily	26	t
pg_catalog	pg_amproc	r	2603	amproclefttype	26	t
pg_catalog	pg_amproc	r	2603	amprocrighttype	26	t
pg_catalog	pg_amproc	r	2603	amprocnum	21	t
pg_catalog	pg_amproc	r	2603	amproc	24	t
pg_catalog	pg_attrdef	r	2604	oid	26	t
pg_catalog	pg_attrdef	r	2604	adrelid	26	t
pg_catalog	pg_attrdef	r	2604	adnum	21	t
pg_catalog	pg_attrdef	r	2604	adbin	194	t
pg_catalog	pg_attribute	r	1249	attrelid	26	t
pg_catalog	pg_attribute	r	1249	attname	19	t
pg_catalog	pg_attribute	r	1249	atttypid	26	t
pg_catalog	pg_attribute	r	1249	attlen	21	t
pg_catalog	pg_attribute	r	1249	attnum	21	t
pg_catalog	pg_attribute	r	1249	atttypmod	23	t
pg_catalog	pg_attribute	r	1249	attndims	21	t
pg_catalog	pg_attribute	r	1249	attbyval	16	t
pg_catalog	pg_attribute	r	1249	attalign	18	t
pg_catalog	pg_attribute	r	1249	attstorage	18	t
pg_catalog	pg_attribute	r	1249	attcompression	18	t
pg_catalog	pg_attribute	r	1249	attnotnull	16	t
pg_catalog	pg_attribute	r	1249	atthasdef	16	t
pg_catalog	pg_attribute	r	1249	atthasmissing	16	t
pg_catalog	pg_attribute	r	1249	attidentity	18	t
pg_catalog	pg_attribute	r	1249	attgenerated	18	t
pg_catalog	pg_attribute	r	1249	attisdropped	16	t
pg_catalog	pg_attribute	r	1249	attislocal	16	t
pg_catalog	pg_attribute	r	1249	attinhcount	21	t
pg_catalog	pg_attribute	r	1249	attcollation	26	t
pg_catalog	pg_attribute	r	1249	attstattarget	21	f
pg_catalog	pg_attribute	r	1249	attacl	1034	f
pg_catalog	pg_attribute	r	1249	attoptions	1009	f
pg_catalog	pg_attribute	r	1249	attfdwoptions	1009	f
pg_catalog	pg_attribute	r	1249	attmissingval	2277	f
pg_catalog	pg_auth_members	r	1261	oid	26	t
pg_catalog	pg_auth_members	r	1261	roleid	26	t
pg_catalog	pg_auth_members	r	1261	member	26	t
pg_catalog	pg_auth_members	r	1261	grantor	26	t
pg_catalog	pg_auth_members	r	1261	admin_option	16	t
pg_catalog	pg_auth_members	r	1261	inherit_option	16	t
pg_catalog	pg_auth_members	r	1261	set_option	16	t
pg_catalog	pg_authid	r	1260	oid	26	t
pg_catalog	pg_authid	r	1260	rolname	19	t
pg_catalog	pg_authid	r	1260	rolsuper	16	t
pg_catalog	pg_authid	r	1260	rolinherit	16	t
pg_catalog	pg_authid	r	1260	rolcreaterole	16	t
pg_catalog	pg_authid	r	1260	rolcreatedb	16	t
pg_catalog	pg_authid	r	1260	rolcanlogin	16	t
pg_catalog	pg_authid	r	1260	rolreplication	16	t
pg_catalog	pg_authid	r	1260	rolbypassrls	16	t
pg_catalog	pg_authid	r	1260	rolconnlimit	23	t
pg_catalog	pg_authid	r	1260	rolpassword	25	f
pg_catalog	pg_authid	r	1260	rolvaliduntil	1184	f
pg_catalog	pg_available_extension_versions	v	12085	name	19	f
pg_catalog	pg_available_extension_versions	v	12085	version	25	f
pg_catalog	pg_available_extension_versions	v	12085	installed	16	f
pg_catalog	pg_available_extension_versions	v	12085	superuser	16	f
pg_catalog	pg_available_extension_versions	v	12085	trusted	16	f
pg_catalog	pg_available_extension_versions	v	12085	relocatable	16	f
pg_catalog	pg_available_extension_versions	v	12085	schema	19	f
pg_catalog	pg_available_extension_versions	v	12085	requires	1003	f
pg_catalog	pg_available_extension_versions	v	12085	comment	25	f
pg_catalog	pg_available_extensions	v	12081	name	19	f
pg_catalog	pg_available_extensions	v	12081	default_version	25	f
pg_catalog	pg_available_extensions	v	12081	installed_version	25	f
pg_catalog	pg_available_extensions	v	12081	comment	25	f
pg_catalog	pg_backend_memory_contexts	v	12142	name	25	f
pg_catalog	pg_backend_memory_contexts	v	12142	ident	25	f
pg_catalog	pg_backend_memory_contexts	v	12142	type	25	f
pg_catalog	pg_backend_memory_contexts	v	12142	level	23	f
pg_catalog	pg_backend_memory_contexts	v	12142	path	1007	f
pg_catalog	pg_backend_memory_contexts	v	12142	total_bytes	20	f
pg_catalog	pg_backend_memory_contexts	v	12142	total_nblocks	20	f
pg_catalog	pg_backend_memory_contexts	v	12142	free_bytes	20	f
pg_catalog	pg_backend_memory_contexts	v	12142	free_chunks	20	f
pg_catalog	pg_backend_memory_contexts	v	12142	used_bytes	20	f
pg_catalog	pg_cast	r	2605	oid	26	t
pg_catalog	pg_cast	r	2605	castsource	26	t
pg_catalog	pg_cast	r	2605	casttarget	26	t
pg_catalog	pg_cast	r	2605	castfunc	26	t
pg_catalog	pg_cast	r	2605	castcontext	18	t
pg_catalog	pg_cast	r	2605	castmethod	18	t
pg_catalog	pg_class	r	1259	oid	26	t
pg_catalog	pg_class	r	1259	relname	19	t
pg_catalog	pg_class	r	1259	relnamespace	26	t
pg_catalog	pg_class	r	1259	reltype	26	t
pg_catalog	pg_class	r	1259	reloftype	26	t
pg_catalog	pg_class	r	1259	relowner	26	t
pg_catalog	pg_class	r	1259	relam	26	t
pg_catalog	pg_class	r	1259	relfilenode	26	t
pg_catalog	pg_class	r	1259	reltablespace	26	t
pg_catalog	pg_class	r	1259	relpages	23	t
pg_catalog	pg_class	r	1259	reltuples	700	t
pg_catalog	pg_class	r	1259	relallvisible	23	t
pg_catalog	pg_class	r	1259	relallfrozen	23	t
pg_catalog	pg_class	r	1259	reltoastrelid	26	t
pg_catalog	pg_class	r	1259	relhasindex	16	t
pg_catalog	pg_class	r	1259	relisshared	16	t
pg_catalog	pg_class	r	1259	relpersistence	18	t
pg_catalog	pg_class	r	1259	relkind	18	t
pg_catalog	pg_class	r	1259	relnatts	21	t
pg_catalog	pg_class	r	1259	relchecks	21	t
pg_catalog	pg_class	r	1259	relhasrules	16	t
pg_catalog	pg_class	r	1259	relhastriggers	16	t
pg_catalog	pg_class	r	1259	relhassubclass	16	t
pg_catalog	pg_class	r	1259	relrowsecurity	16	t
pg_catalog	pg_class	r	1259	relforcerowsecurity	16	t
pg_catalog	pg_class	r	1259	relispopulated	16	t
pg_catalog	pg_class	r	1259	relreplident	18	t
pg_catalog	pg_class	r	1259	relispartition	16	t
pg_catalog	pg_class	r	1259	relrewrite	26	t
pg_catalog	pg_class	r	1259	relfrozenxid	28	t
pg_catalog	pg_class	r	1259	relminmxid	28	t
pg_catalog	pg_class	r	1259	relacl	1034	f
pg_catalog	pg_class	r	1259	reloptions	1009	f
pg_catalog	pg_class	r	1259	relpartbound	194	f
pg_catalog	pg_collation	r	3456	oid	26	t
pg_catalog	pg_collation	r	3456	collname	19	t
pg_catalog	pg_collation	r	3456	collnamespace	26	t
pg_catalog	pg_collation	r	3456	collowner	26	t
pg_catalog	pg_collation	r	3456	collprovider	18	t
pg_catalog	pg_collation	r	3456	collisdeterministic	16	t
pg_catalog	pg_collation	r	3456	collencoding	23	t
pg_catalog	pg_collation	r	3456	collcollate	25	f
pg_catalog	pg_collation	r	3456	collctype	25	f
pg_catalog	pg_collation	r	3456	colllocale	25	f
pg_catalog	pg_collation	r	3456	collicurules	25	f
pg_catalog	pg_collation	r	3456	collversion	25	f
pg_catalog	pg_config	v	12130	name	25	f
pg_catalog	pg_config	v	12130	setting	25	f
pg_catalog	pg_constraint	r	2606	oid	26	t
pg_catalog	pg_constraint	r	2606	conname	19	t
pg_catalog	pg_constraint	r	2606	connamespace	26	t
pg_catalog	pg_constraint	r	2606	contype	18	t
pg_catalog	pg_constraint	r	2606	condeferrable	16	t
pg_catalog	pg_constraint	r	2606	condeferred	16	t
pg_catalog	pg_constraint	r	2606	conenforced	16	t
pg_catalog	pg_constraint	r	2606	convalidated	16	t
pg_catalog	pg_constraint	r	2606	conrelid	26	t
pg_catalog	pg_constraint	r	2606	contypid	26	t
pg_catalog	pg_constraint	r	2606	conindid	26	t
pg_catalog	pg_constraint	r	2606	conparentid	26	t
pg_catalog	pg_constraint	r	2606	confrelid	26	t
pg_catalog	pg_constraint	r	2606	confupdtype	18	t
pg_catalog	pg_constraint	r	2606	confdeltype	18	t
pg_catalog	pg_constraint	r	2606	confmatchtype	18	t
pg_catalog	pg_constraint	r	2606	conislocal	16	t
pg_catalog	pg_constraint	r	2606	coninhcount	21	t
pg_catalog	pg_constraint	r	2606	connoinherit	16	t
pg_catalog	pg_constraint	r	2606	conperiod	16	t
pg_catalog	pg_constraint	r	2606	conkey	1005	f
pg_catalog	pg_constraint	r	2606	confkey	1005	f
pg_catalog	pg_constraint	r	2606	conpfeqop	1028	f
pg_catalog	pg_constraint	r	2606	conppeqop	1028	f
pg_catalog	pg_constraint	r	2606	conffeqop	1028	f
pg_catalog	pg_constraint	r	2606	confdelsetcols	1005	f
pg_catalog	pg_constraint	r	2606	conexclop	1028	f
pg_catalog	pg_constraint	r	2606	conbin	194	f
pg_catalog	pg_conversion	r	2607	oid	26	t
pg_catalog	pg_conversion	r	2607	conname	19	t
pg_catalog	pg_conversion	r	2607	connamespace	26	t
pg_catalog	pg_conversion	r	2607	conowner	26	t
pg_catalog	pg_conversion	r	2607	conforencoding	23	t
pg_catalog	pg_conversion	r	2607	contoencoding	23	t
pg_catalog	pg_conversion	r	2607	conproc	24	t
pg_catalog	pg_conversion	r	2607	condefault	16	t
pg_catalog	pg_cursors	v	12077	name	25	f
pg_catalog	pg_cursors	v	12077	statement	25	f
pg_catalog	pg_cursors	v	12077	is_holdable	16	f
pg_catalog	pg_cursors	v	12077	is_binary	16	f
pg_catalog	pg_cursors	v	12077	is_scrollable	16	f
pg_catalog	pg_cursors	v	12077	creation_time	1184	f
pg_catalog	pg_database	r	1262	oid	26	t
pg_catalog	pg_database	r	1262	datname	19	t
pg_catalog	pg_database	r	1262	datdba	26	t
pg_catalog	pg_database	r	1262	encoding	23	t
pg_catalog	pg_database	r	1262	datlocprovider	18	t
pg_catalog	pg_database	r	1262	datistemplate	16	t
pg_catalog	pg_database	r	1262	datallowconn	16	t
pg_catalog	pg_database	r	1262	dathasloginevt	16	t
pg_catalog	pg_database	r	1262	datconnlimit	23	t
pg_catalog	pg_database	r	1262	datfrozenxid	28	t
pg_catalog	pg_database	r	1262	datminmxid	28	t
pg_catalog	pg_database	r	1262	dattablespace	26	t
pg_catalog	pg_database	r	1262	datcollate	25	t
pg_catalog	pg_database	r	1262	datctype	25	t
pg_catalog	pg_database	r	1262	datlocale	25	f
pg_catalog	pg_database	r	1262	daticurules	25	f
pg_catalog	pg_database	r	1262	datcollversion	25	f
pg_catalog	pg_database	r	1262	datacl	1034	f
pg_catalog	pg_db_role_setting	r	2964	setdatabase	26	t
pg_catalog	pg_db_role_setting	r	2964	setrole	26	t
pg_catalog	pg_db_role_setting	r	2964	setconfig	1009	f
pg_catalog	pg_default_acl	r	826	oid	26	t
pg_catalog	pg_default_acl	r	826	defaclrole	26	t
pg_catalog	pg_default_acl	r	826	defaclnamespace	26	t
pg_catalog	pg_default_acl	r	826	defaclobjtype	18	t
pg_catalog	pg_default_acl	r	826	defaclacl	1034	t
pg_catalog	pg_depend	r	2608	classid	26	t
pg_catalog	pg_depend	r	2608	objid	26	t
pg_catalog	pg_depend	r	2608	objsubid	23	t
pg_catalog	pg_depend	r	2608	refclassid	26	t
pg_catalog	pg_depend	r	2608	refobjid	26	t
pg_catalog	pg_depend	r	2608	refobjsubid	23	t
pg_catalog	pg_depend	r	2608	deptype	18	t
pg_catalog	pg_description	r	2609	objoid	26	t
pg_catalog	pg_description	r	2609	classoid	26	t
pg_catalog	pg_description	r	2609	objsubid	23	t
pg_catalog	pg_description	r	2609	description	25	t
pg_catalog	pg_enum	r	3501	oid	26	t
pg_catalog	pg_enum	r	3501	enumtypid	26	t
pg_catalog	pg_enum	r	3501	enumsortorder	700	t
pg_catalog	pg_enum	r	3501	enumlabel	19	t
pg_catalog	pg_event_trigger	r	3466	oid	26	t
pg_catalog	pg_event_trigger	r	3466	evtname	19	t
pg_catalog	pg_event_trigger	r	3466	evtevent	19	t
pg_catalog	pg_event_trigger	r	3466	evtowner	26	t
pg_catalog	pg_event_trigger	r	3466	evtfoid	26	t
pg_catalog	pg_event_trigger	r	3466	evtenabled	18	t
pg_catalog	pg_event_trigger	r	3466	evttags	1009	f
pg_catalog	pg_extension	r	3079	oid	26	t
pg_catalog	pg_extension	r	3079	extname	19	t
pg_catalog	pg_extension	r	3079	extowner	26	t
pg_catalog	pg_extension	r	3079	extnamespace	26	t
pg_catalog	pg_extension	r	3079	extrelocatable	16	t
pg_catalog	pg_extension	r	3079	extversion	25	t
pg_catalog	pg_extension	r	3079	extconfig	1028	f
pg_catalog	pg_extension	r	3079	extcondition	1009	f
pg_catalog	pg_file_settings	v	12110	sourcefile	25	f
pg_catalog	pg_file_settings	v	12110	sourceline	23	f
pg_catalog	pg_file_settings	v	12110	seqno	23	f
pg_catalog	pg_file_settings	v	12110	name	25	f
pg_catalog	pg_file_settings	v	12110	setting	25	f
pg_catalog	pg_file_settings	v	12110	applied	16	f
pg_catalog	pg_file_settings	v	12110	error	25	f
pg_catalog	pg_foreign_data_wrapper	r	2328	oid	26	t
pg_catalog	pg_foreign_data_wrapper	r	2328	fdwname	19	t
pg_catalog	pg_foreign_data_wrapper	r	2328	fdwowner	26	t
pg_catalog	pg_foreign_data_wrapper	r	2328	fdwhandler	26	t
pg_catalog	pg_foreign_data_wrapper	r	2328	fdwvalidator	26	t
pg_catalog	pg_foreign_data_wrapper	r	2328	fdwacl	1034	f
pg_catalog	pg_foreign_data_wrapper	r	2328	fdwoptions	1009	f
pg_catalog	pg_foreign_server	r	1417	oid	26	t
pg_catalog	pg_foreign_server	r	1417	srvname	19	t
pg_catalog	pg_foreign_server	r	1417	srvowner	26	t
pg_catalog	pg_foreign_server	r	1417	srvfdw	26	t
pg_catalog	pg_foreign_server	r	1417	srvtype	25	f
pg_catalog	pg_foreign_server	r	1417	srvversion	25	f
pg_catalog	pg_foreign_server	r	1417	srvacl	1034	f
pg_catalog	pg_foreign_server	r	1417	srvoptions	1009	f
pg_catalog	pg_foreign_table	r	3118	ftrelid	26	t
pg_catalog	pg_foreign_table	r	3118	ftserver	26	t
pg_catalog	pg_foreign_table	r	3118	ftoptions	1009	f
pg_catalog	pg_group	v	12010	groname	19	f
pg_catalog	pg_group	v	12010	grosysid	26	f
pg_catalog	pg_group	v	12010	grolist	1028	f
pg_catalog	pg_hba_file_rules	v	12114	rule_number	23	f
pg_catalog	pg_hba_file_rules	v	12114	file_name	25	f
pg_catalog	pg_hba_file_rules	v	12114	line_number	23	f
pg_catalog	pg_hba_file_rules	v	12114	type	25	f
pg_catalog	pg_hba_file_rules	v	12114	database	1009	f
pg_catalog	pg_hba_file_rules	v	12114	user_name	1009	f
pg_catalog	pg_hba_file_rules	v	12114	address	25	f
pg_catalog	pg_hba_file_rules	v	12114	netmask	25	f
pg_catalog	pg_hba_file_rules	v	12114	auth_method	25	f
pg_catalog	pg_hba_file_rules	v	12114	options	1009	f
pg_catalog	pg_hba_file_rules	v	12114	error	25	f
pg_catalog	pg_ident_file_mappings	v	12118	map_number	23	f
pg_catalog	pg_ident_file_mappings	v	12118	file_name	25	f
pg_catalog	pg_ident_file_mappings	v	12118	line_number	23	f
pg_catalog	pg_ident_file_mappings	v	12118	map_name	25	f
pg_catalog	pg_ident_file_mappings	v	12118	sys_name	25	f
pg_catalog	pg_ident_file_mappings	v	12118	pg_username	25	f
pg_catalog	pg_ident_file_mappings	v	12118	error	25	f
pg_catalog	pg_index	r	2610	indexrelid	26	t
pg_catalog	pg_index	r	2610	indrelid	26	t
pg_catalog	pg_index	r	2610	indnatts	21	t
pg_catalog	pg_index	r	2610	indnkeyatts	21	t
pg_catalog	pg_index	r	2610	indisunique	16	t
pg_catalog	pg_index	r	2610	indnullsnotdistinct	16	t
pg_catalog	pg_index	r	2610	indisprimary	16	t
pg_catalog	pg_index	r	2610	indisexclusion	16	t
pg_catalog	pg_index	r	2610	indimmediate	16	t
pg_catalog	pg_index	r	2610	indisclustered	16	t
pg_catalog	pg_index	r	2610	indisvalid	16	t
pg_catalog	pg_index	r	2610	indcheckxmin	16	t
pg_catalog	pg_index	r	2610	indisready	16	t
pg_catalog	pg_index	r	2610	indislive	16	t
pg_catalog	pg_index	r	2610	indisreplident	16	t
pg_catalog	pg_index	r	2610	indkey	22	t
pg_catalog	pg_index	r	2610	indcollation	30	t
pg_catalog	pg_index	r	2610	indclass	30	t
pg_catalog	pg_index	r	2610	indoption	22	t
pg_catalog	pg_index	r	2610	indexprs	194	f
pg_catalog	pg_index	r	2610	indpred	194	f
pg_catalog	pg_indexes	v	12043	schemaname	19	f
pg_catalog	pg_indexes	v	12043	tablename	19	f
pg_catalog	pg_indexes	v	12043	indexname	19	f
pg_catalog	pg_indexes	v	12043	tablespace	19	f
pg_catalog	pg_indexes	v	12043	indexdef	25	f
pg_catalog	pg_inherits	r	2611	inhrelid	26	t
pg_catalog	pg_inherits	r	2611	inhparent	26	t
pg_catalog	pg_inherits	r	2611	inhseqno	23	t
pg_catalog	pg_inherits	r	2611	inhdetachpending	16	t
pg_catalog	pg_init_privs	r	3394	objoid	26	t
pg_catalog	pg_init_privs	r	3394	classoid	26	t
pg_catalog	pg_init_privs	r	3394	objsubid	23	t
pg_catalog	pg_init_privs	r	3394	privtype	18	t
pg_catalog	pg_init_privs	r	3394	initprivs	1034	t
pg_catalog	pg_language	r	2612	oid	26	t
pg_catalog	pg_language	r	2612	lanname	19	t
pg_catalog	pg_language	r	2612	lanowner	26	t
pg_catalog	pg_language	r	2612	lanispl	16	t
pg_catalog	pg_language	r	2612	lanpltrusted	16	t
pg_catalog	pg_language	r	2612	lanplcallfoid	26	t
pg_catalog	pg_language	r	2612	laninline	26	t
pg_catalog	pg_language	r	2612	lanvalidator	26	t
pg_catalog	pg_language	r	2612	lanacl	1034	f
pg_catalog	pg_largeobject	r	2613	loid	26	t
pg_catalog	pg_largeobject	r	2613	pageno	23	t
pg_catalog	pg_largeobject	r	2613	data	17	t
pg_catalog	pg_largeobject_metadata	r	2995	oid	26	t
pg_catalog	pg_largeobject_metadata	r	2995	lomowner	26	t
pg_catalog	pg_largeobject_metadata	r	2995	lomacl	1034	f
pg_catalog	pg_locks	v	12073	locktype	25	f
pg_catalog	pg_locks	v	12073	database	26	f
pg_catalog	pg_locks	v	12073	relation	26	f
pg_catalog	pg_locks	v	12073	page	23	f
pg_catalog	pg_locks	v	12073	tuple	21	f
pg_catalog	pg_locks	v	12073	virtualxid	25	f
pg_catalog	pg_locks	v	12073	transactionid	28	f
pg_catalog	pg_locks	v	12073	classid	26	f
pg_catalog	pg_locks	v	12073	objid	26	f
pg_catalog	pg_locks	v	12073	objsubid	21	f
pg_catalog	pg_locks	v	12073	virtualtransaction	25	f
pg_catalog	pg_locks	v	12073	pid	23	f
pg_catalog	pg_locks	v	12073	mode	25	f
pg_catalog	pg_locks	v	12073	granted	16	f
pg_catalog	pg_locks	v	12073	fastpath	16	f
pg_catalog	pg_locks	v	12073	waitstart	1184	f
pg_catalog	pg_matviews	v	12038	schemaname	19	f
pg_catalog	pg_matviews	v	12038	matviewname	19	f
pg_catalog	pg_matviews	v	12038	matviewowner	19	f
pg_catalog	pg_matviews	v	12038	tablespace	19	f
pg_catalog	pg_matviews	v	12038	hasindexes	16	f
pg_catalog	pg_matviews	v	12038	ispopulated	16	f
pg_catalog	pg_matviews	v	12038	definition	25	f
pg_catalog	pg_namespace	r	2615	oid	26	t
pg_catalog	pg_namespace	r	2615	nspname	19	t
pg_catalog	pg_namespace	r	2615	nspowner	26	t
pg_catalog	pg_namespace	r	2615	nspacl	1034	f
pg_catalog	pg_opclass	r	2616	oid	26	t
pg_catalog	pg_opclass	r	2616	opcmethod	26	t
pg_catalog	pg_opclass	r	2616	opcname	19	t
pg_catalog	pg_opclass	r	2616	opcnamespace	26	t
pg_catalog	pg_opclass	r	2616	opcowner	26	t
pg_catalog	pg_opclass	r	2616	opcfamily	26	t
pg_catalog	pg_opclass	r	2616	opcintype	26	t
pg_catalog	pg_opclass	r	2616	opcdefault	16	t
pg_catalog	pg_opclass	r	2616	opckeytype	26	t
pg_catalog	pg_operator	r	2617	oid	26	t
pg_catalog	pg_operator	r	2617	oprname	19	t
pg_catalog	pg_operator	r	2617	oprnamespace	26	t
pg_catalog	pg_operator	r	2617	oprowner	26	t
pg_catalog	pg_operator	r	2617	oprkind	18	t
pg_catalog	pg_operator	r	2617	oprcanmerge	16	t
pg_catalog	pg_operator	r	2617	oprcanhash	16	t
pg_catalog	pg_operator	r	2617	oprleft	26	t
pg_catalog	pg_operator	r	2617	oprright	26	t
pg_catalog	pg_operator	r	2617	oprresult	26	t
pg_catalog	pg_operator	r	2617	oprcom	26	t
pg_catalog	pg_operator	r	2617	oprnegate	26	t
pg_catalog	pg_operator	r	2617	oprcode	24	t
pg_catalog	pg_operator	r	2617	oprrest	24	t
pg_catalog	pg_operator	r	2617	oprjoin	24	t
pg_catalog	pg_opfamily	r	2753	oid	26	t
pg_catalog	pg_opfamily	r	2753	opfmethod	26	t
pg_catalog	pg_opfamily	r	2753	opfname	19	t
pg_catalog	pg_opfamily	r	2753	opfnamespace	26	t
pg_catalog	pg_opfamily	r	2753	opfowner	26	t
pg_catalog	pg_parameter_acl	r	6243	oid	26	t
pg_catalog	pg_parameter_acl	r	6243	parname	25	t
pg_catalog	pg_parameter_acl	r	6243	paracl	1034	f
pg_catalog	pg_partitioned_table	r	3350	partrelid	26	t
pg_catalog	pg_partitioned_table	r	3350	partstrat	18	t
pg_catalog	pg_partitioned_table	r	3350	partnatts	21	t
pg_catalog	pg_partitioned_table	r	3350	partdefid	26	t
pg_catalog	pg_partitioned_table	r	3350	partattrs	22	t
pg_catalog	pg_partitioned_table	r	3350	partclass	30	t
pg_catalog	pg_partitioned_table	r	3350	partcollation	30	t
pg_catalog	pg_partitioned_table	r	3350	partexprs	194	f
pg_catalog	pg_policies	v	12018	schemaname	19	f
pg_catalog	pg_policies	v	12018	tablename	19	f
pg_catalog	pg_policies	v	12018	policyname	19	f
pg_catalog	pg_policies	v	12018	permissive	25	f
pg_catalog	pg_policies	v	12018	roles	1003	f
pg_catalog	pg_policies	v	12018	cmd	25	f
pg_catalog	pg_policies	v	12018	qual	25	f
pg_catalog	pg_policies	v	12018	with_check	25	f
pg_catalog	pg_policy	r	3256	oid	26	t
pg_catalog	pg_policy	r	3256	polname	19	t
pg_catalog	pg_policy	r	3256	polrelid	26	t
pg_catalog	pg_policy	r	3256	polcmd	18	t
pg_catalog	pg_policy	r	3256	polpermissive	16	t
pg_catalog	pg_policy	r	3256	polroles	1028	t
pg_catalog	pg_policy	r	3256	polqual	194	f
pg_catalog	pg_policy	r	3256	polwithcheck	194	f
pg_catalog	pg_prepared_statements	v	12095	name	25	f
pg_catalog	pg_prepared_statements	v	12095	statement	25	f
pg_catalog	pg_prepared_statements	v	12095	prepare_time	1184	f
pg_catalog	pg_prepared_statements	v	12095	parameter_types	2211	f
pg_catalog	pg_prepared_statements	v	12095	result_types	2211	f
pg_catalog	pg_prepared_statements	v	12095	from_sql	16	f
pg_catalog	pg_prepared_statements	v	12095	generic_plans	20	f
pg_catalog	pg_prepared_statements	v	12095	custom_plans	20	f
pg_catalog	pg_prepared_xacts	v	12090	transaction	28	f
pg_catalog	pg_prepared_xacts	v	12090	gid	25	f
pg_catalog	pg_prepared_xacts	v	12090	prepared	1184	f
pg_catalog	pg_prepared_xacts	v	12090	owner	19	f
pg_catalog	pg_prepared_xacts	v	12090	database	19	f
pg_catalog	pg_proc	r	1255	oid	26	t
pg_catalog	pg_proc	r	1255	proname	19	t
pg_catalog	pg_proc	r	1255	pronamespace	26	t
pg_catalog	pg_proc	r	1255	proowner	26	t
pg_catalog	pg_proc	r	1255	prolang	26	t
pg_catalog	pg_proc	r	1255	procost	700	t
pg_catalog	pg_proc	r	1255	prorows	700	t
pg_catalog	pg_proc	r	1255	provariadic	26	t
pg_catalog	pg_proc	r	1255	prosupport	24	t
pg_catalog	pg_proc	r	1255	prokind	18	t
pg_catalog	pg_proc	r	1255	prosecdef	16	t
pg_catalog	pg_proc	r	1255	proleakproof	16	t
pg_catalog	pg_proc	r	1255	proisstrict	16	t
pg_catalog	pg_proc	r	1255	proretset	16	t
pg_catalog	pg_proc	r	1255	provolatile	18	t
pg_catalog	pg_proc	r	1255	proparallel	18	t
pg_catalog	pg_proc	r	1255	pronargs	21	t
pg_catalog	pg_proc	r	1255	pronargdefaults	21	t
pg_catalog	pg_proc	r	1255	prorettype	26	t
pg_catalog	pg_proc	r	1255	proargtypes	30	t
pg_catalog	pg_proc	r	1255	proallargtypes	1028	f
pg_catalog	pg_proc	r	1255	proargmodes	1002	f
pg_catalog	pg_proc	r	1255	proargnames	1009	f
pg_catalog	pg_proc	r	1255	proargdefaults	194	f
pg_catalog	pg_proc	r	1255	protrftypes	1028	f
pg_catalog	pg_proc	r	1255	prosrc	25	t
pg_catalog	pg_proc	r	1255	probin	25	f
pg_catalog	pg_proc	r	1255	prosqlbody	194	f
pg_catalog	pg_proc	r	1255	proconfig	1009	f
pg_catalog	pg_proc	r	1255	proacl	1034	f
pg_catalog	pg_publication	r	6104	oid	26	t
pg_catalog	pg_publication	r	6104	pubname	19	t
pg_catalog	pg_publication	r	6104	pubowner	26	t
pg_catalog	pg_publication	r	6104	puballtables	16	t
pg_catalog	pg_publication	r	6104	pubinsert	16	t
pg_catalog	pg_publication	r	6104	pubupdate	16	t
pg_catalog	pg_publication	r	6104	pubdelete	16	t
pg_catalog	pg_publication	r	6104	pubtruncate	16	t
pg_catalog	pg_publication	r	6104	pubviaroot	16	t
pg_catalog	pg_publication	r	6104	pubgencols	18	t
pg_catalog	pg_publication_namespace	r	6237	oid	26	t
pg_catalog	pg_publication_namespace	r	6237	pnpubid	26	t
pg_catalog	pg_publication_namespace	r	6237	pnnspid	26	t
pg_catalog	pg_publication_rel	r	6106	oid	26	t
pg_catalog	pg_publication_rel	r	6106	prpubid	26	t
pg_catalog	pg_publication_rel	r	6106	prrelid	26	t
pg_catalog	pg_publication_rel	r	6106	prqual	194	f
pg_catalog	pg_publication_rel	r	6106	prattrs	22	f
pg_catalog	pg_publication_tables	v	12068	pubname	19	f
pg_catalog	pg_publication_tables	v	12068	schemaname	19	f
pg_catalog	pg_publication_tables	v	12068	tablename	19	f
pg_catalog	pg_publication_tables	v	12068	attnames	1003	f
pg_catalog	pg_publication_tables	v	12068	rowfilter	25	f
pg_catalog	pg_range	r	3541	rngtypid	26	t
pg_catalog	pg_range	r	3541	rngsubtype	26	t
pg_catalog	pg_range	r	3541	rngmultitypid	26	t
pg_catalog	pg_range	r	3541	rngcollation	26	t
pg_catalog	pg_range	r	3541	rngsubopc	26	t
pg_catalog	pg_range	r	3541	rngcanonical	24	t
pg_catalog	pg_range	r	3541	rngsubdiff	24	t
pg_catalog	pg_replication_origin	r	6000	roident	26	t
pg_catalog	pg_replication_origin	r	6000	roname	25	t
pg_catalog	pg_replication_origin_status	v	12343	local_id	26	f
pg_catalog	pg_replication_origin_status	v	12343	external_id	25	f
pg_catalog	pg_replication_origin_status	v	12343	remote_lsn	3220	f
pg_catalog	pg_replication_origin_status	v	12343	local_lsn	3220	f
pg_catalog	pg_replication_slots	v	12261	slot_name	19	f
pg_catalog	pg_replication_slots	v	12261	plugin	19	f
pg_catalog	pg_replication_slots	v	12261	slot_type	25	f
pg_catalog	pg_replication_slots	v	12261	datoid	26	f
pg_catalog	pg_replication_slots	v	12261	database	19	f
pg_catalog	pg_replication_slots	v	12261	temporary	16	f
pg_catalog	pg_replication_slots	v	12261	active	16	f
pg_catalog	pg_replication_slots	v	12261	active_pid	23	f
pg_catalog	pg_replication_slots	v	12261	xmin	28	f
pg_catalog	pg_replication_slots	v	12261	catalog_xmin	28	f
pg_catalog	pg_replication_slots	v	12261	restart_lsn	3220	f
pg_catalog	pg_replication_slots	v	12261	confirmed_flush_lsn	3220	f
pg_catalog	pg_replication_slots	v	12261	wal_status	25	f
pg_catalog	pg_replication_slots	v	12261	safe_wal_size	20	f
pg_catalog	pg_replication_slots	v	12261	two_phase	16	f
pg_catalog	pg_replication_slots	v	12261	two_phase_at	3220	f
pg_catalog	pg_replication_slots	v	12261	inactive_since	1184	f
pg_catalog	pg_replication_slots	v	12261	conflicting	16	f
pg_catalog	pg_replication_slots	v	12261	invalidation_reason	25	f
pg_catalog	pg_replication_slots	v	12261	failover	16	f
pg_catalog	pg_replication_slots	v	12261	synced	16	f
pg_catalog	pg_rewrite	r	2618	oid	26	t
pg_catalog	pg_rewrite	r	2618	rulename	19	t
pg_catalog	pg_rewrite	r	2618	ev_class	26	t
pg_catalog	pg_rewrite	r	2618	ev_type	18	t
pg_catalog	pg_rewrite	r	2618	ev_enabled	18	t
pg_catalog	pg_rewrite	r	2618	is_instead	16	t
pg_catalog	pg_rewrite	r	2618	ev_qual	194	t
pg_catalog	pg_rewrite	r	2618	ev_action	194	t
pg_catalog	pg_roles	v	12000	rolname	19	f
pg_catalog	pg_roles	v	12000	rolsuper	16	f
pg_catalog	pg_roles	v	12000	rolinherit	16	f
pg_catalog	pg_roles	v	12000	rolcreaterole	16	f
pg_catalog	pg_roles	v	12000	rolcreatedb	16	f
pg_catalog	pg_roles	v	12000	rolcanlogin	16	f
pg_catalog	pg_roles	v	12000	rolreplication	16	f
pg_catalog	pg_roles	v	12000	rolconnlimit	23	f
pg_catalog	pg_roles	v	12000	rolpassword	25	f
pg_catalog	pg_roles	v	12000	rolvaliduntil	1184	f
pg_catalog	pg_roles	v	12000	rolbypassrls	16	f
pg_catalog	pg_roles	v	12000	rolconfig	1009	f
pg_catalog	pg_roles	v	12000	oid	26	f
pg_catalog	pg_rules	v	12023	schemaname	19	f
pg_catalog	pg_rules	v	12023	tablename	19	f
pg_catalog	pg_rules	v	12023	rulename	19	f
pg_catalog	pg_rules	v	12023	definition	25	f
pg_catalog	pg_seclabel	r	3596	objoid	26	t
pg_catalog	pg_seclabel	r	3596	classoid	26	t
pg_catalog	pg_seclabel	r	3596	objsubid	23	t
pg_catalog	pg_seclabel	r	3596	provider	25	t
pg_catalog	pg_seclabel	r	3596	label	25	t
pg_catalog	pg_seclabels	v	12099	objoid	26	f
pg_catalog	pg_seclabels	v	12099	classoid	26	f
pg_catalog	pg_seclabels	v	12099	objsubid	23	f
pg_catalog	pg_seclabels	v	12099	objtype	25	f
pg_catalog	pg_seclabels	v	12099	objnamespace	26	f
pg_catalog	pg_seclabels	v	12099	objname	25	f
pg_catalog	pg_seclabels	v	12099	provider	25	f
pg_catalog	pg_seclabels	v	12099	label	25	f
pg_catalog	pg_sequence	r	2224	seqrelid	26	t
pg_catalog	pg_sequence	r	2224	seqtypid	26	t
pg_catalog	pg_sequence	r	2224	seqstart	20	t
pg_catalog	pg_sequence	r	2224	seqincrement	20	t
pg_catalog	pg_sequence	r	2224	seqmax	20	t
pg_catalog	pg_sequence	r	2224	seqmin	20	t
pg_catalog	pg_sequence	r	2224	seqcache	20	t
pg_catalog	pg_sequence	r	2224	seqcycle	16	t
pg_catalog	pg_sequences	v	12048	schemaname	19	f
pg_catalog	pg_sequences	v	12048	sequencename	19	f
pg_catalog	pg_sequences	v	12048	sequenceowner	19	f
pg_catalog	pg_sequences	v	12048	data_type	2206	f
pg_catalog	pg_sequences	v	12048	start_value	20	f
pg_catalog	pg_sequences	v	12048	min_value	20	f
pg_catalog	pg_sequences	v	12048	max_value	20	f
pg_catalog	pg_sequences	v	12048	increment_by	20	f
pg_catalog	pg_sequences	v	12048	cycle	16	f
pg_catalog	pg_sequences	v	12048	cache_size	20	f
pg_catalog	pg_sequences	v	12048	last_value	20	f
pg_catalog	pg_settings	v	12104	name	25	f
pg_catalog	pg_settings	v	12104	setting	25	f
pg_catalog	pg_settings	v	12104	unit	25	f
pg_catalog	pg_settings	v	12104	category	25	f
pg_catalog	pg_settings	v	12104	short_desc	25	f
pg_catalog	pg_settings	v	12104	extra_desc	25	f
pg_catalog	pg_settings	v	12104	context	25	f
pg_catalog	pg_settings	v	12104	vartype	25	f
pg_catalog	pg_settings	v	12104	source	25	f
pg_catalog	pg_settings	v	12104	min_val	25	f
pg_catalog	pg_settings	v	12104	max_val	25	f
pg_catalog	pg_settings	v	12104	enumvals	1009	f
pg_catalog	pg_settings	v	12104	boot_val	25	f
pg_catalog	pg_settings	v	12104	reset_val	25	f
pg_catalog	pg_settings	v	12104	sourcefile	25	f
pg_catalog	pg_settings	v	12104	sourceline	23	f
pg_catalog	pg_settings	v	12104	pending_restart	16	f
pg_catalog	pg_shadow	v	12005	usename	19	f
pg_catalog	pg_shadow	v	12005	usesysid	26	f
pg_catalog	pg_shadow	v	12005	usecreatedb	16	f
pg_catalog	pg_shadow	v	12005	usesuper	16	f
pg_catalog	pg_shadow	v	12005	userepl	16	f
pg_catalog	pg_shadow	v	12005	usebypassrls	16	f
pg_catalog	pg_shadow	v	12005	passwd	25	f
pg_catalog	pg_shadow	v	12005	valuntil	1184	f
pg_catalog	pg_shadow	v	12005	useconfig	1009	f
pg_catalog	pg_shdepend	r	1214	dbid	26	t
pg_catalog	pg_shdepend	r	1214	classid	26	t
pg_catalog	pg_shdepend	r	1214	objid	26	t
pg_catalog	pg_shdepend	r	1214	objsubid	23	t
pg_catalog	pg_shdepend	r	1214	refclassid	26	t
pg_catalog	pg_shdepend	r	1214	refobjid	26	t
pg_catalog	pg_shdepend	r	1214	deptype	18	t
pg_catalog	pg_shdescription	r	2396	objoid	26	t
pg_catalog	pg_shdescription	r	2396	classoid	26	t
pg_catalog	pg_shdescription	r	2396	description	25	t
pg_catalog	pg_shmem_allocations	v	12134	name	25	f
pg_catalog	pg_shmem_allocations	v	12134	off	20	f
pg_catalog	pg_shmem_allocations	v	12134	size	20	f
pg_catalog	pg_shmem_allocations	v	12134	allocated_size	20	f
pg_catalog	pg_shmem_allocations_numa	v	12138	name	25	f
pg_catalog	pg_shmem_allocations_numa	v	12138	numa_node	23	f
pg_catalog	pg_shmem_allocations_numa	v	12138	size	20	f
pg_catalog	pg_shseclabel	r	3592	objoid	26	t
pg_catalog	pg_shseclabel	r	3592	classoid	26	t
pg_catalog	pg_shseclabel	r	3592	provider	25	t
pg_catalog	pg_shseclabel	r	3592	label	25	t
pg_catalog	pg_stat_activity	v	12226	datid	26	f
pg_catalog	pg_stat_activity	v	12226	datname	19	f
pg_catalog	pg_stat_activity	v	12226	pid	23	f
pg_catalog	pg_stat_activity	v	12226	leader_pid	23	f
pg_catalog	pg_stat_activity	v	12226	usesysid	26	f
pg_catalog	pg_stat_activity	v	12226	usename	19	f
pg_catalog	pg_stat_activity	v	12226	application_name	25	f
pg_catalog	pg_stat_activity	v	12226	client_addr	869	f
pg_catalog	pg_stat_activity	v	12226	client_hostname	25	f
pg_catalog	pg_stat_activity	v	12226	client_port	23	f
pg_catalog	pg_stat_activity	v	12226	backend_start	1184	f
pg_catalog	pg_stat_activity	v	12226	xact_start	1184	f
pg_catalog	pg_stat_activity	v	12226	query_start	1184	f
pg_catalog	pg_stat_activity	v	12226	state_change	1184	f
pg_catalog	pg_stat_activity	v	12226	wait_event_type	25	f
pg_catalog	pg_stat_activity	v	12226	wait_event	25	f
pg_catalog	pg_stat_activity	v	12226	state	25	f
pg_catalog	pg_stat_activity	v	12226	backend_xid	28	f
pg_catalog	pg_stat_activity	v	12226	backend_xmin	28	f
pg_catalog	pg_stat_activity	v	12226	query_id	20	f
pg_catalog	pg_stat_activity	v	12226	query	25	f
pg_catalog	pg_stat_activity	v	12226	backend_type	25	f
pg_catalog	pg_stat_all_indexes	v	12187	relid	26	f
pg_catalog	pg_stat_all_indexes	v	12187	indexrelid	26	f
pg_catalog	pg_stat_all_indexes	v	12187	schemaname	19	f
pg_catalog	pg_stat_all_indexes	v	12187	relname	19	f
pg_catalog	pg_stat_all_indexes	v	12187	indexrelname	19	f
pg_catalog	pg_stat_all_indexes	v	12187	idx_scan	20	f
pg_catalog	pg_stat_all_indexes	v	12187	last_idx_scan	1184	f
pg_catalog	pg_stat_all_indexes	v	12187	idx_tup_read	20	f
pg_catalog	pg_stat_all_indexes	v	12187	idx_tup_fetch	20	f
pg_catalog	pg_stat_all_tables	v	12146	relid	26	f
pg_catalog	pg_stat_all_tables	v	12146	schemaname	19	f
pg_catalog	pg_stat_all_tables	v	12146	relname	19	f
pg_catalog	pg_stat_all_tables	v	12146	seq_scan	20	f
pg_catalog	pg_stat_all_tables	v	12146	last_seq_scan	1184	f
pg_catalog	pg_stat_all_tables	v	12146	seq_tup_read	20	f
pg_catalog	pg_stat_all_tables	v	12146	idx_scan	20	f
pg_catalog	pg_stat_all_tables	v	12146	last_idx_scan	1184	f
pg_catalog	pg_stat_all_tables	v	12146	idx_tup_fetch	20	f
pg_catalog	pg_stat_all_tables	v	12146	n_tup_ins	20	f
pg_catalog	pg_stat_all_tables	v	12146	n_tup_upd	20	f
pg_catalog	pg_stat_all_tables	v	12146	n_tup_del	20	f
pg_catalog	pg_stat_all_tables	v	12146	n_tup_hot_upd	20	f
pg_catalog	pg_stat_all_tables	v	12146	n_tup_newpage_upd	20	f
pg_catalog	pg_stat_all_tables	v	12146	n_live_tup	20	f
pg_catalog	pg_stat_all_tables	v	12146	n_dead_tup	20	f
pg_catalog	pg_stat_all_tables	v	12146	n_mod_since_analyze	20	f
pg_catalog	pg_stat_all_tables	v	12146	n_ins_since_vacuum	20	f
pg_catalog	pg_stat_all_tables	v	12146	last_vacuum	1184	f
pg_catalog	pg_stat_all_tables	v	12146	last_autovacuum	1184	f
pg_catalog	pg_stat_all_tables	v	12146	last_analyze	1184	f
pg_catalog	pg_stat_all_tables	v	12146	last_autoanalyze	1184	f
pg_catalog	pg_stat_all_tables	v	12146	vacuum_count	20	f
pg_catalog	pg_stat_all_tables	v	12146	autovacuum_count	20	f
pg_catalog	pg_stat_all_tables	v	12146	analyze_count	20	f
pg_catalog	pg_stat_all_tables	v	12146	autoanalyze_count	20	f
pg_catalog	pg_stat_all_tables	v	12146	total_vacuum_time	701	f
pg_catalog	pg_stat_all_tables	v	12146	total_autovacuum_time	701	f
pg_catalog	pg_stat_all_tables	v	12146	total_analyze_time	701	f
pg_catalog	pg_stat_all_tables	v	12146	total_autoanalyze_time	701	f
pg_catalog	pg_stat_archiver	v	12289	archived_count	20	f
pg_catalog	pg_stat_archiver	v	12289	last_archived_wal	25	f
pg_catalog	pg_stat_archiver	v	12289	last_archived_time	1184	f
pg_catalog	pg_stat_archiver	v	12289	failed_count	20	f
pg_catalog	pg_stat_archiver	v	12289	last_failed_wal	25	f
pg_catalog	pg_stat_archiver	v	12289	last_failed_time	1184	f
pg_catalog	pg_stat_archiver	v	12289	stats_reset	1184	f
pg_catalog	pg_stat_bgwriter	v	12293	buffers_clean	20	f
pg_catalog	pg_stat_bgwriter	v	12293	maxwritten_clean	20	f
pg_catalog	pg_stat_bgwriter	v	12293	buffers_alloc	20	f
pg_catalog	pg_stat_bgwriter	v	12293	stats_reset	1184	f
pg_catalog	pg_stat_checkpointer	v	12297	num_timed	20	f
pg_catalog	pg_stat_checkpointer	v	12297	num_requested	20	f
pg_catalog	pg_stat_checkpointer	v	12297	num_done	20	f
pg_catalog	pg_stat_checkpointer	v	12297	restartpoints_timed	20	f
pg_catalog	pg_stat_checkpointer	v	12297	restartpoints_req	20	f
pg_catalog	pg_stat_checkpointer	v	12297	restartpoints_done	20	f
pg_catalog	pg_stat_checkpointer	v	12297	write_time	701	f
pg_catalog	pg_stat_checkpointer	v	12297	sync_time	701	f
pg_catalog	pg_stat_checkpointer	v	12297	buffers_written	20	f
pg_catalog	pg_stat_checkpointer	v	12297	slru_written	20	f
pg_catalog	pg_stat_checkpointer	v	12297	stats_reset	1184	f
pg_catalog	pg_stat_database	v	12270	datid	26	f
pg_catalog	pg_stat_database	v	12270	datname	19	f
pg_catalog	pg_stat_database	v	12270	numbackends	23	f
pg_catalog	pg_stat_database	v	12270	xact_commit	20	f
pg_catalog	pg_stat_database	v	12270	xact_rollback	20	f
pg_catalog	pg_stat_database	v	12270	blks_read	20	f
pg_catalog	pg_stat_database	v	12270	blks_hit	20	f
pg_catalog	pg_stat_database	v	12270	tup_returned	20	f
pg_catalog	pg_stat_database	v	12270	tup_fetched	20	f
pg_catalog	pg_stat_database	v	12270	tup_inserted	20	f
pg_catalog	pg_stat_database	v	12270	tup_updated	20	f
pg_catalog	pg_stat_database	v	12270	tup_deleted	20	f
pg_catalog	pg_stat_database	v	12270	conflicts	20	f
pg_catalog	pg_stat_database	v	12270	temp_files	20	f
pg_catalog	pg_stat_database	v	12270	temp_bytes	20	f
pg_catalog	pg_stat_database	v	12270	deadlocks	20	f
pg_catalog	pg_stat_database	v	12270	checksum_failures	20	f
pg_catalog	pg_stat_database	v	12270	checksum_last_failure	1184	f
pg_catalog	pg_stat_database	v	12270	blk_read_time	701	f
pg_catalog	pg_stat_database	v	12270	blk_write_time	701	f
pg_catalog	pg_stat_database	v	12270	session_time	701	f
pg_catalog	pg_stat_database	v	12270	active_time	701	f
pg_catalog	pg_stat_database	v	12270	idle_in_transaction_time	701	f
pg_catalog	pg_stat_database	v	12270	sessions	20	f
pg_catalog	pg_stat_database	v	12270	sessions_abandoned	20	f
pg_catalog	pg_stat_database	v	12270	sessions_fatal	20	f
pg_catalog	pg_stat_database	v	12270	sessions_killed	20	f
pg_catalog	pg_stat_database	v	12270	parallel_workers_to_launch	20	f
pg_catalog	pg_stat_database	v	12270	parallel_workers_launched	20	f
pg_catalog	pg_stat_database	v	12270	stats_reset	1184	f
pg_catalog	pg_stat_database_conflicts	v	12275	datid	26	f
pg_catalog	pg_stat_database_conflicts	v	12275	datname	19	f
pg_catalog	pg_stat_database_conflicts	v	12275	confl_tablespace	20	f
pg_catalog	pg_stat_database_conflicts	v	12275	confl_lock	20	f
pg_catalog	pg_stat_database_conflicts	v	12275	confl_snapshot	20	f
pg_catalog	pg_stat_database_conflicts	v	12275	confl_bufferpin	20	f
pg_catalog	pg_stat_database_conflicts	v	12275	confl_deadlock	20	f
pg_catalog	pg_stat_database_conflicts	v	12275	confl_active_logicalslot	20	f
pg_catalog	pg_stat_gssapi	v	12257	pid	23	f
pg_catalog	pg_stat_gssapi	v	12257	gss_authenticated	16	f
pg_catalog	pg_stat_gssapi	v	12257	principal	25	f
pg_catalog	pg_stat_gssapi	v	12257	encrypted	16	f
pg_catalog	pg_stat_gssapi	v	12257	credentials_delegated	16	f
pg_catalog	pg_stat_io	v	12301	backend_type	25	f
pg_catalog	pg_stat_io	v	12301	object	25	f
pg_catalog	pg_stat_io	v	12301	context	25	f
pg_catalog	pg_stat_io	v	12301	reads	20	f
pg_catalog	pg_stat_io	v	12301	read_bytes	1700	f
pg_catalog	pg_stat_io	v	12301	read_time	701	f
pg_catalog	pg_stat_io	v	12301	writes	20	f
pg_catalog	pg_stat_io	v	12301	write_bytes	1700	f
pg_catalog	pg_stat_io	v	12301	write_time	701	f
pg_catalog	pg_stat_io	v	12301	writebacks	20	f
pg_catalog	pg_stat_io	v	12301	writeback_time	701	f
pg_catalog	pg_stat_io	v	12301	extends	20	f
pg_catalog	pg_stat_io	v	12301	extend_bytes	1700	f
pg_catalog	pg_stat_io	v	12301	extend_time	701	f
pg_catalog	pg_stat_io	v	12301	hits	20	f
pg_catalog	pg_stat_io	v	12301	evictions	20	f
pg_catalog	pg_stat_io	v	12301	reuses	20	f
pg_catalog	pg_stat_io	v	12301	fsyncs	20	f
pg_catalog	pg_stat_io	v	12301	fsync_time	701	f
pg_catalog	pg_stat_io	v	12301	stats_reset	1184	f
pg_catalog	pg_stat_progress_analyze	v	12309	pid	23	f
pg_catalog	pg_stat_progress_analyze	v	12309	datid	26	f
pg_catalog	pg_stat_progress_analyze	v	12309	datname	19	f
pg_catalog	pg_stat_progress_analyze	v	12309	relid	26	f
pg_catalog	pg_stat_progress_analyze	v	12309	phase	25	f
pg_catalog	pg_stat_progress_analyze	v	12309	sample_blks_total	20	f
pg_catalog	pg_stat_progress_analyze	v	12309	sample_blks_scanned	20	f
pg_catalog	pg_stat_progress_analyze	v	12309	ext_stats_total	20	f
pg_catalog	pg_stat_progress_analyze	v	12309	ext_stats_computed	20	f
pg_catalog	pg_stat_progress_analyze	v	12309	child_tables_total	20	f
pg_catalog	pg_stat_progress_analyze	v	12309	child_tables_done	20	f
pg_catalog	pg_stat_progress_analyze	v	12309	current_child_table_relid	26	f
pg_catalog	pg_stat_progress_analyze	v	12309	delay_time	701	f
pg_catalog	pg_stat_progress_basebackup	v	12329	pid	23	f
pg_catalog	pg_stat_progress_basebackup	v	12329	phase	25	f
pg_catalog	pg_stat_progress_basebackup	v	12329	backup_total	20	f
pg_catalog	pg_stat_progress_basebackup	v	12329	backup_streamed	20	f
pg_catalog	pg_stat_progress_basebackup	v	12329	tablespaces_total	20	f
pg_catalog	pg_stat_progress_basebackup	v	12329	tablespaces_streamed	20	f
pg_catalog	pg_stat_progress_cluster	v	12319	pid	23	f
pg_catalog	pg_stat_progress_cluster	v	12319	datid	26	f
pg_catalog	pg_stat_progress_cluster	v	12319	datname	19	f
pg_catalog	pg_stat_progress_cluster	v	12319	relid	26	f
pg_catalog	pg_stat_progress_cluster	v	12319	command	25	f
pg_catalog	pg_stat_progress_cluster	v	12319	phase	25	f
pg_catalog	pg_stat_progress_cluster	v	12319	cluster_index_relid	26	f
pg_catalog	pg_stat_progress_cluster	v	12319	heap_tuples_scanned	20	f
pg_catalog	pg_stat_progress_cluster	v	12319	heap_tuples_written	20	f
pg_catalog	pg_stat_progress_cluster	v	12319	heap_blks_total	20	f
pg_catalog	pg_stat_progress_cluster	v	12319	heap_blks_scanned	20	f
pg_catalog	pg_stat_progress_cluster	v	12319	index_rebuild_count	20	f
pg_catalog	pg_stat_progress_copy	v	12333	pid	23	f
pg_catalog	pg_stat_progress_copy	v	12333	datid	26	f
pg_catalog	pg_stat_progress_copy	v	12333	datname	19	f
pg_catalog	pg_stat_progress_copy	v	12333	relid	26	f
pg_catalog	pg_stat_progress_copy	v	12333	command	25	f
pg_catalog	pg_stat_progress_copy	v	12333	type	25	f
pg_catalog	pg_stat_progress_copy	v	12333	bytes_processed	20	f
pg_catalog	pg_stat_progress_copy	v	12333	bytes_total	20	f
pg_catalog	pg_stat_progress_copy	v	12333	tuples_processed	20	f
pg_catalog	pg_stat_progress_copy	v	12333	tuples_excluded	20	f
pg_catalog	pg_stat_progress_copy	v	12333	tuples_skipped	20	f
pg_catalog	pg_stat_progress_create_index	v	12324	pid	23	f
pg_catalog	pg_stat_progress_create_index	v	12324	datid	26	f
pg_catalog	pg_stat_progress_create_index	v	12324	datname	19	f
pg_catalog	pg_stat_progress_create_index	v	12324	relid	26	f
pg_catalog	pg_stat_progress_create_index	v	12324	index_relid	26	f
pg_catalog	pg_stat_progress_create_index	v	12324	command	25	f
pg_catalog	pg_stat_progress_create_index	v	12324	phase	25	f
pg_catalog	pg_stat_progress_create_index	v	12324	lockers_total	20	f
pg_catalog	pg_stat_progress_create_index	v	12324	lockers_done	20	f
pg_catalog	pg_stat_progress_create_index	v	12324	current_locker_pid	20	f
pg_catalog	pg_stat_progress_create_index	v	12324	blocks_total	20	f
pg_catalog	pg_stat_progress_create_index	v	12324	blocks_done	20	f
pg_catalog	pg_stat_progress_create_index	v	12324	tuples_total	20	f
pg_catalog	pg_stat_progress_create_index	v	12324	tuples_done	20	f
pg_catalog	pg_stat_progress_create_index	v	12324	partitions_total	20	f
pg_catalog	pg_stat_progress_create_index	v	12324	partitions_done	20	f
pg_catalog	pg_stat_progress_vacuum	v	12314	pid	23	f
pg_catalog	pg_stat_progress_vacuum	v	12314	datid	26	f
pg_catalog	pg_stat_progress_vacuum	v	12314	datname	19	f
pg_catalog	pg_stat_progress_vacuum	v	12314	relid	26	f
pg_catalog	pg_stat_progress_vacuum	v	12314	phase	25	f
pg_catalog	pg_stat_progress_vacuum	v	12314	heap_blks_total	20	f
pg_catalog	pg_stat_progress_vacuum	v	12314	heap_blks_scanned	20	f
pg_catalog	pg_stat_progress_vacuum	v	12314	heap_blks_vacuumed	20	f
pg_catalog	pg_stat_progress_vacuum	v	12314	index_vacuum_count	20	f
pg_catalog	pg_stat_progress_vacuum	v	12314	max_dead_tuple_bytes	20	f
pg_catalog	pg_stat_progress_vacuum	v	12314	dead_tuple_bytes	20	f
pg_catalog	pg_stat_progress_vacuum	v	12314	num_dead_item_ids	20	f
pg_catalog	pg_stat_progress_vacuum	v	12314	indexes_total	20	f
pg_catalog	pg_stat_progress_vacuum	v	12314	indexes_processed	20	f
pg_catalog	pg_stat_progress_vacuum	v	12314	delay_time	701	f
pg_catalog	pg_stat_recovery_prefetch	v	12244	stats_reset	1184	f
pg_catalog	pg_stat_recovery_prefetch	v	12244	prefetch	20	f
pg_catalog	pg_stat_recovery_prefetch	v	12244	hit	20	f
pg_catalog	pg_stat_recovery_prefetch	v	12244	skip_init	20	f
pg_catalog	pg_stat_recovery_prefetch	v	12244	skip_new	20	f
pg_catalog	pg_stat_recovery_prefetch	v	12244	skip_fpw	20	f
pg_catalog	pg_stat_recovery_prefetch	v	12244	skip_rep	20	f
pg_catalog	pg_stat_recovery_prefetch	v	12244	wal_distance	23	f
pg_catalog	pg_stat_recovery_prefetch	v	12244	block_distance	23	f
pg_catalog	pg_stat_recovery_prefetch	v	12244	io_depth	23	f
pg_catalog	pg_stat_replication	v	12231	pid	23	f
pg_catalog	pg_stat_replication	v	12231	usesysid	26	f
pg_catalog	pg_stat_replication	v	12231	usename	19	f
pg_catalog	pg_stat_replication	v	12231	application_name	25	f
pg_catalog	pg_stat_replication	v	12231	client_addr	869	f
pg_catalog	pg_stat_replication	v	12231	client_hostname	25	f
pg_catalog	pg_stat_replication	v	12231	client_port	23	f
pg_catalog	pg_stat_replication	v	12231	backend_start	1184	f
pg_catalog	pg_stat_replication	v	12231	backend_xmin	28	f
pg_catalog	pg_stat_replication	v	12231	state	25	f
pg_catalog	pg_stat_replication	v	12231	sent_lsn	3220	f
pg_catalog	pg_stat_replication	v	12231	write_lsn	3220	f
pg_catalog	pg_stat_replication	v	12231	flush_lsn	3220	f
pg_catalog	pg_stat_replication	v	12231	replay_lsn	3220	f
pg_catalog	pg_stat_replication	v	12231	write_lag	1186	f
pg_catalog	pg_stat_replication	v	12231	flush_lag	1186	f
pg_catalog	pg_stat_replication	v	12231	replay_lag	1186	f
pg_catalog	pg_stat_replication	v	12231	sync_priority	23	f
pg_catalog	pg_stat_replication	v	12231	sync_state	25	f
pg_catalog	pg_stat_replication	v	12231	reply_time	1184	f
pg_catalog	pg_stat_replication_slots	v	12266	slot_name	25	f
pg_catalog	pg_stat_replication_slots	v	12266	spill_txns	20	f
pg_catalog	pg_stat_replication_slots	v	12266	spill_count	20	f
pg_catalog	pg_stat_replication_slots	v	12266	spill_bytes	20	f
pg_catalog	pg_stat_replication_slots	v	12266	stream_txns	20	f
pg_catalog	pg_stat_replication_slots	v	12266	stream_count	20	f
pg_catalog	pg_stat_replication_slots	v	12266	stream_bytes	20	f
pg_catalog	pg_stat_replication_slots	v	12266	total_txns	20	f
pg_catalog	pg_stat_replication_slots	v	12266	total_bytes	20	f
pg_catalog	pg_stat_replication_slots	v	12266	stats_reset	1184	f
pg_catalog	pg_stat_slru	v	12236	name	25	f
pg_catalog	pg_stat_slru	v	12236	blks_zeroed	20	f
pg_catalog	pg_stat_slru	v	12236	blks_hit	20	f
pg_catalog	pg_stat_slru	v	12236	blks_read	20	f
pg_catalog	pg_stat_slru	v	12236	blks_written	20	f
pg_catalog	pg_stat_slru	v	12236	blks_exists	20	f
pg_catalog	pg_stat_slru	v	12236	flushes	20	f
pg_catalog	pg_stat_slru	v	12236	truncates	20	f
pg_catalog	pg_stat_slru	v	12236	stats_reset	1184	f
pg_catalog	pg_stat_ssl	v	12253	pid	23	f
pg_catalog	pg_stat_ssl	v	12253	ssl	16	f
pg_catalog	pg_stat_ssl	v	12253	version	25	f
pg_catalog	pg_stat_ssl	v	12253	cipher	25	f
pg_catalog	pg_stat_ssl	v	12253	bits	23	f
pg_catalog	pg_stat_ssl	v	12253	client_dn	25	f
pg_catalog	pg_stat_ssl	v	12253	client_serial	1700	f
pg_catalog	pg_stat_ssl	v	12253	issuer_dn	25	f
pg_catalog	pg_stat_subscription	v	12248	subid	26	f
pg_catalog	pg_stat_subscription	v	12248	subname	19	f
pg_catalog	pg_stat_subscription	v	12248	worker_type	25	f
pg_catalog	pg_stat_subscription	v	12248	pid	23	f
pg_catalog	pg_stat_subscription	v	12248	leader_pid	23	f
pg_catalog	pg_stat_subscription	v	12248	relid	26	f
pg_catalog	pg_stat_subscription	v	12248	received_lsn	3220	f
pg_catalog	pg_stat_subscription	v	12248	last_msg_send_time	1184	f
pg_catalog	pg_stat_subscription	v	12248	last_msg_receipt_time	1184	f
pg_catalog	pg_stat_subscription	v	12248	latest_end_lsn	3220	f
pg_catalog	pg_stat_subscription	v	12248	latest_end_time	1184	f
pg_catalog	pg_stat_subscription_stats	v	12347	subid	26	f
pg_catalog	pg_stat_subscription_stats	v	12347	subname	19	f
pg_catalog	pg_stat_subscription_stats	v	12347	apply_error_count	20	f
pg_catalog	pg_stat_subscription_stats	v	12347	sync_error_count	20	f
pg_catalog	pg_stat_subscription_stats	v	12347	confl_insert_exists	20	f
pg_catalog	pg_stat_subscription_stats	v	12347	confl_update_origin_differs	20	f
pg_catalog	pg_stat_subscription_stats	v	12347	confl_update_exists	20	f
pg_catalog	pg_stat_subscription_stats	v	12347	confl_update_missing	20	f
pg_catalog	pg_stat_subscription_stats	v	12347	confl_delete_origin_differs	20	f
pg_catalog	pg_stat_subscription_stats	v	12347	confl_delete_missing	20	f
pg_catalog	pg_stat_subscription_stats	v	12347	confl_multiple_unique_conflicts	20	f
pg_catalog	pg_stat_subscription_stats	v	12347	stats_reset	1184	f
pg_catalog	pg_stat_sys_indexes	v	12192	relid	26	f
pg_catalog	pg_stat_sys_indexes	v	12192	indexrelid	26	f
pg_catalog	pg_stat_sys_indexes	v	12192	schemaname	19	f
pg_catalog	pg_stat_sys_indexes	v	12192	relname	19	f
pg_catalog	pg_stat_sys_indexes	v	12192	indexrelname	19	f
pg_catalog	pg_stat_sys_indexes	v	12192	idx_scan	20	f
pg_catalog	pg_stat_sys_indexes	v	12192	last_idx_scan	1184	f
pg_catalog	pg_stat_sys_indexes	v	12192	idx_tup_read	20	f
pg_catalog	pg_stat_sys_indexes	v	12192	idx_tup_fetch	20	f
pg_catalog	pg_stat_sys_tables	v	12156	relid	26	f
pg_catalog	pg_stat_sys_tables	v	12156	schemaname	19	f
pg_catalog	pg_stat_sys_tables	v	12156	relname	19	f
pg_catalog	pg_stat_sys_tables	v	12156	seq_scan	20	f
pg_catalog	pg_stat_sys_tables	v	12156	last_seq_scan	1184	f
pg_catalog	pg_stat_sys_tables	v	12156	seq_tup_read	20	f
pg_catalog	pg_stat_sys_tables	v	12156	idx_scan	20	f
pg_catalog	pg_stat_sys_tables	v	12156	last_idx_scan	1184	f
pg_catalog	pg_stat_sys_tables	v	12156	idx_tup_fetch	20	f
pg_catalog	pg_stat_sys_tables	v	12156	n_tup_ins	20	f
pg_catalog	pg_stat_sys_tables	v	12156	n_tup_upd	20	f
pg_catalog	pg_stat_sys_tables	v	12156	n_tup_del	20	f
pg_catalog	pg_stat_sys_tables	v	12156	n_tup_hot_upd	20	f
pg_catalog	pg_stat_sys_tables	v	12156	n_tup_newpage_upd	20	f
pg_catalog	pg_stat_sys_tables	v	12156	n_live_tup	20	f
pg_catalog	pg_stat_sys_tables	v	12156	n_dead_tup	20	f
pg_catalog	pg_stat_sys_tables	v	12156	n_mod_since_analyze	20	f
pg_catalog	pg_stat_sys_tables	v	12156	n_ins_since_vacuum	20	f
pg_catalog	pg_stat_sys_tables	v	12156	last_vacuum	1184	f
pg_catalog	pg_stat_sys_tables	v	12156	last_autovacuum	1184	f
pg_catalog	pg_stat_sys_tables	v	12156	last_analyze	1184	f
pg_catalog	pg_stat_sys_tables	v	12156	last_autoanalyze	1184	f
pg_catalog	pg_stat_sys_tables	v	12156	vacuum_count	20	f
pg_catalog	pg_stat_sys_tables	v	12156	autovacuum_count	20	f
pg_catalog	pg_stat_sys_tables	v	12156	analyze_count	20	f
pg_catalog	pg_stat_sys_tables	v	12156	autoanalyze_count	20	f
pg_catalog	pg_stat_sys_tables	v	12156	total_vacuum_time	701	f
pg_catalog	pg_stat_sys_tables	v	12156	total_autovacuum_time	701	f
pg_catalog	pg_stat_sys_tables	v	12156	total_analyze_time	701	f
pg_catalog	pg_stat_sys_tables	v	12156	total_autoanalyze_time	701	f
pg_catalog	pg_stat_user_functions	v	12279	funcid	26	f
pg_catalog	pg_stat_user_functions	v	12279	schemaname	19	f
pg_catalog	pg_stat_user_functions	v	12279	funcname	19	f
pg_catalog	pg_stat_user_functions	v	12279	calls	20	f
pg_catalog	pg_stat_user_functions	v	12279	total_time	701	f
pg_catalog	pg_stat_user_functions	v	12279	self_time	701	f
pg_catalog	pg_stat_user_indexes	v	12196	relid	26	f
pg_catalog	pg_stat_user_indexes	v	12196	indexrelid	26	f
pg_catalog	pg_stat_user_indexes	v	12196	schemaname	19	f
pg_catalog	pg_stat_user_indexes	v	12196	relname	19	f
pg_catalog	pg_stat_user_indexes	v	12196	indexrelname	19	f
pg_catalog	pg_stat_user_indexes	v	12196	idx_scan	20	f
pg_catalog	pg_stat_user_indexes	v	12196	last_idx_scan	1184	f
pg_catalog	pg_stat_user_indexes	v	12196	idx_tup_read	20	f
pg_catalog	pg_stat_user_indexes	v	12196	idx_tup_fetch	20	f
pg_catalog	pg_stat_user_tables	v	12165	relid	26	f
pg_catalog	pg_stat_user_tables	v	12165	schemaname	19	f
pg_catalog	pg_stat_user_tables	v	12165	relname	19	f
pg_catalog	pg_stat_user_tables	v	12165	seq_scan	20	f
pg_catalog	pg_stat_user_tables	v	12165	last_seq_scan	1184	f
pg_catalog	pg_stat_user_tables	v	12165	seq_tup_read	20	f
pg_catalog	pg_stat_user_tables	v	12165	idx_scan	20	f
pg_catalog	pg_stat_user_tables	v	12165	last_idx_scan	1184	f
pg_catalog	pg_stat_user_tables	v	12165	idx_tup_fetch	20	f
pg_catalog	pg_stat_user_tables	v	12165	n_tup_ins	20	f
pg_catalog	pg_stat_user_tables	v	12165	n_tup_upd	20	f
pg_catalog	pg_stat_user_tables	v	12165	n_tup_del	20	f
pg_catalog	pg_stat_user_tables	v	12165	n_tup_hot_upd	20	f
pg_catalog	pg_stat_user_tables	v	12165	n_tup_newpage_upd	20	f
pg_catalog	pg_stat_user_tables	v	12165	n_live_tup	20	f
pg_catalog	pg_stat_user_tables	v	12165	n_dead_tup	20	f
pg_catalog	pg_stat_user_tables	v	12165	n_mod_since_analyze	20	f
pg_catalog	pg_stat_user_tables	v	12165	n_ins_since_vacuum	20	f
pg_catalog	pg_stat_user_tables	v	12165	last_vacuum	1184	f
pg_catalog	pg_stat_user_tables	v	12165	last_autovacuum	1184	f
pg_catalog	pg_stat_user_tables	v	12165	last_analyze	1184	f
pg_catalog	pg_stat_user_tables	v	12165	last_autoanalyze	1184	f
pg_catalog	pg_stat_user_tables	v	12165	vacuum_count	20	f
pg_catalog	pg_stat_user_tables	v	12165	autovacuum_count	20	f
pg_catalog	pg_stat_user_tables	v	12165	analyze_count	20	f
pg_catalog	pg_stat_user_tables	v	12165	autoanalyze_count	20	f
pg_catalog	pg_stat_user_tables	v	12165	total_vacuum_time	701	f
pg_catalog	pg_stat_user_tables	v	12165	total_autovacuum_time	701	f
pg_catalog	pg_stat_user_tables	v	12165	total_analyze_time	701	f
pg_catalog	pg_stat_user_tables	v	12165	total_autoanalyze_time	701	f
pg_catalog	pg_stat_wal	v	12305	wal_records	20	f
pg_catalog	pg_stat_wal	v	12305	wal_fpi	20	f
pg_catalog	pg_stat_wal	v	12305	wal_bytes	1700	f
pg_catalog	pg_stat_wal	v	12305	wal_buffers_full	20	f
pg_catalog	pg_stat_wal	v	12305	stats_reset	1184	f
pg_catalog	pg_stat_wal_receiver	v	12240	pid	23	f
pg_catalog	pg_stat_wal_receiver	v	12240	status	25	f
pg_catalog	pg_stat_wal_receiver	v	12240	receive_start_lsn	3220	f
pg_catalog	pg_stat_wal_receiver	v	12240	receive_start_tli	23	f
pg_catalog	pg_stat_wal_receiver	v	12240	written_lsn	3220	f
pg_catalog	pg_stat_wal_receiver	v	12240	flushed_lsn	3220	f
pg_catalog	pg_stat_wal_receiver	v	12240	received_tli	23	f
pg_catalog	pg_stat_wal_receiver	v	12240	last_msg_send_time	1184	f
pg_catalog	pg_stat_wal_receiver	v	12240	last_msg_receipt_time	1184	f
pg_catalog	pg_stat_wal_receiver	v	12240	latest_end_lsn	3220	f
pg_catalog	pg_stat_wal_receiver	v	12240	latest_end_time	1184	f
pg_catalog	pg_stat_wal_receiver	v	12240	slot_name	25	f
pg_catalog	pg_stat_wal_receiver	v	12240	sender_host	25	f
pg_catalog	pg_stat_wal_receiver	v	12240	sender_port	23	f
pg_catalog	pg_stat_wal_receiver	v	12240	conninfo	25	f
pg_catalog	pg_stat_xact_all_tables	v	12151	relid	26	f
pg_catalog	pg_stat_xact_all_tables	v	12151	schemaname	19	f
pg_catalog	pg_stat_xact_all_tables	v	12151	relname	19	f
pg_catalog	pg_stat_xact_all_tables	v	12151	seq_scan	20	f
pg_catalog	pg_stat_xact_all_tables	v	12151	seq_tup_read	20	f
pg_catalog	pg_stat_xact_all_tables	v	12151	idx_scan	20	f
pg_catalog	pg_stat_xact_all_tables	v	12151	idx_tup_fetch	20	f
pg_catalog	pg_stat_xact_all_tables	v	12151	n_tup_ins	20	f
pg_catalog	pg_stat_xact_all_tables	v	12151	n_tup_upd	20	f
pg_catalog	pg_stat_xact_all_tables	v	12151	n_tup_del	20	f
pg_catalog	pg_stat_xact_all_tables	v	12151	n_tup_hot_upd	20	f
pg_catalog	pg_stat_xact_all_tables	v	12151	n_tup_newpage_upd	20	f
pg_catalog	pg_stat_xact_sys_tables	v	12161	relid	26	f
pg_catalog	pg_stat_xact_sys_tables	v	12161	schemaname	19	f
pg_catalog	pg_stat_xact_sys_tables	v	12161	relname	19	f
pg_catalog	pg_stat_xact_sys_tables	v	12161	seq_scan	20	f
pg_catalog	pg_stat_xact_sys_tables	v	12161	seq_tup_read	20	f
pg_catalog	pg_stat_xact_sys_tables	v	12161	idx_scan	20	f
pg_catalog	pg_stat_xact_sys_tables	v	12161	idx_tup_fetch	20	f
pg_catalog	pg_stat_xact_sys_tables	v	12161	n_tup_ins	20	f
pg_catalog	pg_stat_xact_sys_tables	v	12161	n_tup_upd	20	f
pg_catalog	pg_stat_xact_sys_tables	v	12161	n_tup_del	20	f
pg_catalog	pg_stat_xact_sys_tables	v	12161	n_tup_hot_upd	20	f
pg_catalog	pg_stat_xact_sys_tables	v	12161	n_tup_newpage_upd	20	f
pg_catalog	pg_stat_xact_user_functions	v	12284	funcid	26	f
pg_catalog	pg_stat_xact_user_functions	v	12284	schemaname	19	f
pg_catalog	pg_stat_xact_user_functions	v	12284	funcname	19	f
pg_catalog	pg_stat_xact_user_functions	v	12284	calls	20	f
pg_catalog	pg_stat_xact_user_functions	v	12284	total_time	701	f
pg_catalog	pg_stat_xact_user_functions	v	12284	self_time	701	f
pg_catalog	pg_stat_xact_user_tables	v	12170	relid	26	f
pg_catalog	pg_stat_xact_user_tables	v	12170	schemaname	19	f
pg_catalog	pg_stat_xact_user_tables	v	12170	relname	19	f
pg_catalog	pg_stat_xact_user_tables	v	12170	seq_scan	20	f
pg_catalog	pg_stat_xact_user_tables	v	12170	seq_tup_read	20	f
pg_catalog	pg_stat_xact_user_tables	v	12170	idx_scan	20	f
pg_catalog	pg_stat_xact_user_tables	v	12170	idx_tup_fetch	20	f
pg_catalog	pg_stat_xact_user_tables	v	12170	n_tup_ins	20	f
pg_catalog	pg_stat_xact_user_tables	v	12170	n_tup_upd	20	f
pg_catalog	pg_stat_xact_user_tables	v	12170	n_tup_del	20	f
pg_catalog	pg_stat_xact_user_tables	v	12170	n_tup_hot_upd	20	f
pg_catalog	pg_stat_xact_user_tables	v	12170	n_tup_newpage_upd	20	f
pg_catalog	pg_statio_all_indexes	v	12200	relid	26	f
pg_catalog	pg_statio_all_indexes	v	12200	indexrelid	26	f
pg_catalog	pg_statio_all_indexes	v	12200	schemaname	19	f
pg_catalog	pg_statio_all_indexes	v	12200	relname	19	f
pg_catalog	pg_statio_all_indexes	v	12200	indexrelname	19	f
pg_catalog	pg_statio_all_indexes	v	12200	idx_blks_read	20	f
pg_catalog	pg_statio_all_indexes	v	12200	idx_blks_hit	20	f
pg_catalog	pg_statio_all_sequences	v	12213	relid	26	f
pg_catalog	pg_statio_all_sequences	v	12213	schemaname	19	f
pg_catalog	pg_statio_all_sequences	v	12213	relname	19	f
pg_catalog	pg_statio_all_sequences	v	12213	blks_read	20	f
pg_catalog	pg_statio_all_sequences	v	12213	blks_hit	20	f
pg_catalog	pg_statio_all_tables	v	12174	relid	26	f
pg_catalog	pg_statio_all_tables	v	12174	schemaname	19	f
pg_catalog	pg_statio_all_tables	v	12174	relname	19	f
pg_catalog	pg_statio_all_tables	v	12174	heap_blks_read	20	f
pg_catalog	pg_statio_all_tables	v	12174	heap_blks_hit	20	f
pg_catalog	pg_statio_all_tables	v	12174	idx_blks_read	20	f
pg_catalog	pg_statio_all_tables	v	12174	idx_blks_hit	20	f
pg_catalog	pg_statio_all_tables	v	12174	toast_blks_read	20	f
pg_catalog	pg_statio_all_tables	v	12174	toast_blks_hit	20	f
pg_catalog	pg_statio_all_tables	v	12174	tidx_blks_read	20	f
pg_catalog	pg_statio_all_tables	v	12174	tidx_blks_hit	20	f
pg_catalog	pg_statio_sys_indexes	v	12205	relid	26	f
pg_catalog	pg_statio_sys_indexes	v	12205	indexrelid	26	f
pg_catalog	pg_statio_sys_indexes	v	12205	schemaname	19	f
pg_catalog	pg_statio_sys_indexes	v	12205	relname	19	f
pg_catalog	pg_statio_sys_indexes	v	12205	indexrelname	19	f
pg_catalog	pg_statio_sys_indexes	v	12205	idx_blks_read	20	f
pg_catalog	pg_statio_sys_indexes	v	12205	idx_blks_hit	20	f
pg_catalog	pg_statio_sys_sequences	v	12218	relid	26	f
pg_catalog	pg_statio_sys_sequences	v	12218	schemaname	19	f
pg_catalog	pg_statio_sys_sequences	v	12218	relname	19	f
pg_catalog	pg_statio_sys_sequences	v	12218	blks_read	20	f
pg_catalog	pg_statio_sys_sequences	v	12218	blks_hit	20	f
pg_catalog	pg_statio_sys_tables	v	12179	relid	26	f
pg_catalog	pg_statio_sys_tables	v	12179	schemaname	19	f
pg_catalog	pg_statio_sys_tables	v	12179	relname	19	f
pg_catalog	pg_statio_sys_tables	v	12179	heap_blks_read	20	f
pg_catalog	pg_statio_sys_tables	v	12179	heap_blks_hit	20	f
pg_catalog	pg_statio_sys_tables	v	12179	idx_blks_read	20	f
pg_catalog	pg_statio_sys_tables	v	12179	idx_blks_hit	20	f
pg_catalog	pg_statio_sys_tables	v	12179	toast_blks_read	20	f
pg_catalog	pg_statio_sys_tables	v	12179	toast_blks_hit	20	f
pg_catalog	pg_statio_sys_tables	v	12179	tidx_blks_read	20	f
pg_catalog	pg_statio_sys_tables	v	12179	tidx_blks_hit	20	f
pg_catalog	pg_statio_user_indexes	v	12209	relid	26	f
pg_catalog	pg_statio_user_indexes	v	12209	indexrelid	26	f
pg_catalog	pg_statio_user_indexes	v	12209	schemaname	19	f
pg_catalog	pg_statio_user_indexes	v	12209	relname	19	f
pg_catalog	pg_statio_user_indexes	v	12209	indexrelname	19	f
pg_catalog	pg_statio_user_indexes	v	12209	idx_blks_read	20	f
pg_catalog	pg_statio_user_indexes	v	12209	idx_blks_hit	20	f
pg_catalog	pg_statio_user_sequences	v	12222	relid	26	f
pg_catalog	pg_statio_user_sequences	v	12222	schemaname	19	f
pg_catalog	pg_statio_user_sequences	v	12222	relname	19	f
pg_catalog	pg_statio_user_sequences	v	12222	blks_read	20	f
pg_catalog	pg_statio_user_sequences	v	12222	blks_hit	20	f
pg_catalog	pg_statio_user_tables	v	12183	relid	26	f
pg_catalog	pg_statio_user_tables	v	12183	schemaname	19	f
pg_catalog	pg_statio_user_tables	v	12183	relname	19	f
pg_catalog	pg_statio_user_tables	v	12183	heap_blks_read	20	f
pg_catalog	pg_statio_user_tables	v	12183	heap_blks_hit	20	f
pg_catalog	pg_statio_user_tables	v	12183	idx_blks_read	20	f
pg_catalog	pg_statio_user_tables	v	12183	idx_blks_hit	20	f
pg_catalog	pg_statio_user_tables	v	12183	toast_blks_read	20	f
pg_catalog	pg_statio_user_tables	v	12183	toast_blks_hit	20	f
pg_catalog	pg_statio_user_tables	v	12183	tidx_blks_read	20	f
pg_catalog	pg_statio_user_tables	v	12183	tidx_blks_hit	20	f
pg_catalog	pg_statistic	r	2619	starelid	26	t
pg_catalog	pg_statistic	r	2619	staattnum	21	t
pg_catalog	pg_statistic	r	2619	stainherit	16	t
pg_catalog	pg_statistic	r	2619	stanullfrac	700	t
pg_catalog	pg_statistic	r	2619	stawidth	23	t
pg_catalog	pg_statistic	r	2619	stadistinct	700	t
pg_catalog	pg_statistic	r	2619	stakind1	21	t
pg_catalog	pg_statistic	r	2619	stakind2	21	t
pg_catalog	pg_statistic	r	2619	stakind3	21	t
pg_catalog	pg_statistic	r	2619	stakind4	21	t
pg_catalog	pg_statistic	r	2619	stakind5	21	t
pg_catalog	pg_statistic	r	2619	staop1	26	t
pg_catalog	pg_statistic	r	2619	staop2	26	t
pg_catalog	pg_statistic	r	2619	staop3	26	t
pg_catalog	pg_statistic	r	2619	staop4	26	t
pg_catalog	pg_statistic	r	2619	staop5	26	t
pg_catalog	pg_statistic	r	2619	stacoll1	26	t
pg_catalog	pg_statistic	r	2619	stacoll2	26	t
pg_catalog	pg_statistic	r	2619	stacoll3	26	t
pg_catalog	pg_statistic	r	2619	stacoll4	26	t
pg_catalog	pg_statistic	r	2619	stacoll5	26	t
pg_catalog	pg_statistic	r	2619	stanumbers1	1021	f
pg_catalog	pg_statistic	r	2619	stanumbers2	1021	f
pg_catalog	pg_statistic	r	2619	stanumbers3	1021	f
pg_catalog	pg_statistic	r	2619	stanumbers4	1021	f
pg_catalog	pg_statistic	r	2619	stanumbers5	1021	f
pg_catalog	pg_statistic	r	2619	stavalues1	2277	f
pg_catalog	pg_statistic	r	2619	stavalues2	2277	f
pg_catalog	pg_statistic	r	2619	stavalues3	2277	f
pg_catalog	pg_statistic	r	2619	stavalues4	2277	f
pg_catalog	pg_statistic	r	2619	stavalues5	2277	f
pg_catalog	pg_statistic_ext	r	3381	oid	26	t
pg_catalog	pg_statistic_ext	r	3381	stxrelid	26	t
pg_catalog	pg_statistic_ext	r	3381	stxname	19	t
pg_catalog	pg_statistic_ext	r	3381	stxnamespace	26	t
pg_catalog	pg_statistic_ext	r	3381	stxowner	26	t
pg_catalog	pg_statistic_ext	r	3381	stxkeys	22	t
pg_catalog	pg_statistic_ext	r	3381	stxstattarget	21	f
pg_catalog	pg_statistic_ext	r	3381	stxkind	1002	t
pg_catalog	pg_statistic_ext	r	3381	stxexprs	194	f
pg_catalog	pg_statistic_ext_data	r	3429	stxoid	26	t
pg_catalog	pg_statistic_ext_data	r	3429	stxdinherit	16	t
pg_catalog	pg_statistic_ext_data	r	3429	stxdndistinct	3361	f
pg_catalog	pg_statistic_ext_data	r	3429	stxddependencies	3402	f
pg_catalog	pg_statistic_ext_data	r	3429	stxdmcv	5017	f
pg_catalog	pg_statistic_ext_data	r	3429	stxdexpr	10028	f
pg_catalog	pg_stats	v	12053	schemaname	19	f
pg_catalog	pg_stats	v	12053	tablename	19	f
pg_catalog	pg_stats	v	12053	attname	19	f
pg_catalog	pg_stats	v	12053	inherited	16	f
pg_catalog	pg_stats	v	12053	null_frac	700	f
pg_catalog	pg_stats	v	12053	avg_width	23	f
pg_catalog	pg_stats	v	12053	n_distinct	700	f
pg_catalog	pg_stats	v	12053	most_common_vals	2277	f
pg_catalog	pg_stats	v	12053	most_common_freqs	1021	f
pg_catalog	pg_stats	v	12053	histogram_bounds	2277	f
pg_catalog	pg_stats	v	12053	correlation	700	f
pg_catalog	pg_stats	v	12053	most_common_elems	2277	f
pg_catalog	pg_stats	v	12053	most_common_elem_freqs	1021	f
pg_catalog	pg_stats	v	12053	elem_count_histogram	1021	f
pg_catalog	pg_stats	v	12053	range_length_histogram	2277	f
pg_catalog	pg_stats	v	12053	range_empty_frac	700	f
pg_catalog	pg_stats	v	12053	range_bounds_histogram	2277	f
pg_catalog	pg_stats_ext	v	12058	schemaname	19	f
pg_catalog	pg_stats_ext	v	12058	tablename	19	f
pg_catalog	pg_stats_ext	v	12058	statistics_schemaname	19	f
pg_catalog	pg_stats_ext	v	12058	statistics_name	19	f
pg_catalog	pg_stats_ext	v	12058	statistics_owner	19	f
pg_catalog	pg_stats_ext	v	12058	attnames	1003	f
pg_catalog	pg_stats_ext	v	12058	exprs	1009	f
pg_catalog	pg_stats_ext	v	12058	kinds	1002	f
pg_catalog	pg_stats_ext	v	12058	inherited	16	f
pg_catalog	pg_stats_ext	v	12058	n_distinct	3361	f
pg_catalog	pg_stats_ext	v	12058	dependencies	3402	f
pg_catalog	pg_stats_ext	v	12058	most_common_vals	1009	f
pg_catalog	pg_stats_ext	v	12058	most_common_val_nulls	1000	f
pg_catalog	pg_stats_ext	v	12058	most_common_freqs	1022	f
pg_catalog	pg_stats_ext	v	12058	most_common_base_freqs	1022	f
pg_catalog	pg_stats_ext_exprs	v	12063	schemaname	19	f
pg_catalog	pg_stats_ext_exprs	v	12063	tablename	19	f
pg_catalog	pg_stats_ext_exprs	v	12063	statistics_schemaname	19	f
pg_catalog	pg_stats_ext_exprs	v	12063	statistics_name	19	f
pg_catalog	pg_stats_ext_exprs	v	12063	statistics_owner	19	f
pg_catalog	pg_stats_ext_exprs	v	12063	expr	25	f
pg_catalog	pg_stats_ext_exprs	v	12063	inherited	16	f
pg_catalog	pg_stats_ext_exprs	v	12063	null_frac	700	f
pg_catalog	pg_stats_ext_exprs	v	12063	avg_width	23	f
pg_catalog	pg_stats_ext_exprs	v	12063	n_distinct	700	f
pg_catalog	pg_stats_ext_exprs	v	12063	most_common_vals	2277	f
pg_catalog	pg_stats_ext_exprs	v	12063	most_common_freqs	1021	f
pg_catalog	pg_stats_ext_exprs	v	12063	histogram_bounds	2277	f
pg_catalog	pg_stats_ext_exprs	v	12063	correlation	700	f
pg_catalog	pg_stats_ext_exprs	v	12063	most_common_elems	2277	f
pg_catalog	pg_stats_ext_exprs	v	12063	most_common_elem_freqs	1021	f
pg_catalog	pg_stats_ext_exprs	v	12063	elem_count_histogram	1021	f
pg_catalog	pg_subscription	r	6100	oid	26	t
pg_catalog	pg_subscription	r	6100	subdbid	26	t
pg_catalog	pg_subscription	r	6100	subskiplsn	3220	t
pg_catalog	pg_subscription	r	6100	subname	19	t
pg_catalog	pg_subscription	r	6100	subowner	26	t
pg_catalog	pg_subscription	r	6100	subenabled	16	t
pg_catalog	pg_subscription	r	6100	subbinary	16	t
pg_catalog	pg_subscription	r	6100	substream	18	t
pg_catalog	pg_subscription	r	6100	subtwophasestate	18	t
pg_catalog	pg_subscription	r	6100	subdisableonerr	16	t
pg_catalog	pg_subscription	r	6100	subpasswordrequired	16	t
pg_catalog	pg_subscription	r	6100	subrunasowner	16	t
pg_catalog	pg_subscription	r	6100	subfailover	16	t
pg_catalog	pg_subscription	r	6100	subconninfo	25	t
pg_catalog	pg_subscription	r	6100	subslotname	19	f
pg_catalog	pg_subscription	r	6100	subsynccommit	25	t
pg_catalog	pg_subscription	r	6100	subpublications	1009	t
pg_catalog	pg_subscription	r	6100	suborigin	25	f
pg_catalog	pg_subscription_rel	r	6102	srsubid	26	t
pg_catalog	pg_subscription_rel	r	6102	srrelid	26	t
pg_catalog	pg_subscription_rel	r	6102	srsubstate	18	t
pg_catalog	pg_subscription_rel	r	6102	srsublsn	3220	f
pg_catalog	pg_tables	v	12033	schemaname	19	f
pg_catalog	pg_tables	v	12033	tablename	19	f
pg_catalog	pg_tables	v	12033	tableowner	19	f
pg_catalog	pg_tables	v	12033	tablespace	19	f
pg_catalog	pg_tables	v	12033	hasindexes	16	f
pg_catalog	pg_tables	v	12033	hasrules	16	f
pg_catalog	pg_tables	v	12033	hastriggers	16	f
pg_catalog	pg_tables	v	12033	rowsecurity	16	f
pg_catalog	pg_tablespace	r	1213	oid	26	t
pg_catalog	pg_tablespace	r	1213	spcname	19	t
pg_catalog	pg_tablespace	r	1213	spcowner	26	t
pg_catalog	pg_tablespace	r	1213	spcacl	1034	f
pg_catalog	pg_tablespace	r	1213	spcoptions	1009	f
pg_catalog	pg_timezone_abbrevs	v	12122	abbrev	25	f
pg_catalog	pg_timezone_abbrevs	v	12122	utc_offset	1186	f
pg_catalog	pg_timezone_abbrevs	v	12122	is_dst	16	f
pg_catalog	pg_timezone_names	v	12126	name	25	f
pg_catalog	pg_timezone_names	v	12126	abbrev	25	f
pg_catalog	pg_timezone_names	v	12126	utc_offset	1186	f
pg_catalog	pg_timezone_names	v	12126	is_dst	16	f
pg_catalog	pg_transform	r	3576	oid	26	t
pg_catalog	pg_transform	r	3576	trftype	26	t
pg_catalog	pg_transform	r	3576	trflang	26	t
pg_catalog	pg_transform	r	3576	trffromsql	24	t
pg_catalog	pg_transform	r	3576	trftosql	24	t
pg_catalog	pg_trigger	r	2620	oid	26	t
pg_catalog	pg_trigger	r	2620	tgrelid	26	t
pg_catalog	pg_trigger	r	2620	tgparentid	26	t
pg_catalog	pg_trigger	r	2620	tgname	19	t
pg_catalog	pg_trigger	r	2620	tgfoid	26	t
pg_catalog	pg_trigger	r	2620	tgtype	21	t
pg_catalog	pg_trigger	r	2620	tgenabled	18	t
pg_catalog	pg_trigger	r	2620	tgisinternal	16	t
pg_catalog	pg_trigger	r	2620	tgconstrrelid	26	t
pg_catalog	pg_trigger	r	2620	tgconstrindid	26	t
pg_catalog	pg_trigger	r	2620	tgconstraint	26	t
pg_catalog	pg_trigger	r	2620	tgdeferrable	16	t
pg_catalog	pg_trigger	r	2620	tginitdeferred	16	t
pg_catalog	pg_trigger	r	2620	tgnargs	21	t
pg_catalog	pg_trigger	r	2620	tgattr	22	t
pg_catalog	pg_trigger	r	2620	tgargs	17	t
pg_catalog	pg_trigger	r	2620	tgqual	194	f
pg_catalog	pg_trigger	r	2620	tgoldtable	19	f
pg_catalog	pg_trigger	r	2620	tgnewtable	19	f
pg_catalog	pg_ts_config	r	3602	oid	26	t
pg_catalog	pg_ts_config	r	3602	cfgname	19	t
pg_catalog	pg_ts_config	r	3602	cfgnamespace	26	t
pg_catalog	pg_ts_config	r	3602	cfgowner	26	t
pg_catalog	pg_ts_config	r	3602	cfgparser	26	t
pg_catalog	pg_ts_config_map	r	3603	mapcfg	26	t
pg_catalog	pg_ts_config_map	r	3603	maptokentype	23	t
pg_catalog	pg_ts_config_map	r	3603	mapseqno	23	t
pg_catalog	pg_ts_config_map	r	3603	mapdict	26	t
pg_catalog	pg_ts_dict	r	3600	oid	26	t
pg_catalog	pg_ts_dict	r	3600	dictname	19	t
pg_catalog	pg_ts_dict	r	3600	dictnamespace	26	t
pg_catalog	pg_ts_dict	r	3600	dictowner	26	t
pg_catalog	pg_ts_dict	r	3600	dicttemplate	26	t
pg_catalog	pg_ts_dict	r	3600	dictinitoption	25	f
pg_catalog	pg_ts_parser	r	3601	oid	26	t
pg_catalog	pg_ts_parser	r	3601	prsname	19	t
pg_catalog	pg_ts_parser	r	3601	prsnamespace	26	t
pg_catalog	pg_ts_parser	r	3601	prsstart	24	t
pg_catalog	pg_ts_parser	r	3601	prstoken	24	t
pg_catalog	pg_ts_parser	r	3601	prsend	24	t
pg_catalog	pg_ts_parser	r	3601	prsheadline	24	t
pg_catalog	pg_ts_parser	r	3601	prslextype	24	t
pg_catalog	pg_ts_template	r	3764	oid	26	t
pg_catalog	pg_ts_template	r	3764	tmplname	19	t
pg_catalog	pg_ts_template	r	3764	tmplnamespace	26	t
pg_catalog	pg_ts_template	r	3764	tmplinit	24	t
pg_catalog	pg_ts_template	r	3764	tmpllexize	24	t
pg_catalog	pg_type	r	1247	oid	26	t
pg_catalog	pg_type	r	1247	typname	19	t
pg_catalog	pg_type	r	1247	typnamespace	26	t
pg_catalog	pg_type	r	1247	typowner	26	t
pg_catalog	pg_type	r	1247	typlen	21	t
pg_catalog	pg_type	r	1247	typbyval	16	t
pg_catalog	pg_type	r	1247	typtype	18	t
pg_catalog	pg_type	r	1247	typcategory	18	t
pg_catalog	pg_type	r	1247	typispreferred	16	t
pg_catalog	pg_type	r	1247	typisdefined	16	t
pg_catalog	pg_type	r	1247	typdelim	18	t
pg_catalog	pg_type	r	1247	typrelid	26	t
pg_catalog	pg_type	r	1247	typsubscript	24	t
pg_catalog	pg_type	r	1247	typelem	26	t
pg_catalog	pg_type	r	1247	typarray	26	t
pg_catalog	pg_type	r	1247	typinput	24	t
pg_catalog	pg_type	r	1247	typoutput	24	t
pg_catalog	pg_type	r	1247	typreceive	24	t
pg_catalog	pg_type	r	1247	typsend	24	t
pg_catalog	pg_type	r	1247	typmodin	24	t
pg_catalog	pg_type	r	1247	typmodout	24	t
pg_catalog	pg_type	r	1247	typanalyze	24	t
pg_catalog	pg_type	r	1247	typalign	18	t
pg_catalog	pg_type	r	1247	typstorage	18	t
pg_catalog	pg_type	r	1247	typnotnull	16	t
pg_catalog	pg_type	r	1247	typbasetype	26	t
pg_catalog	pg_type	r	1247	typtypmod	23	t
pg_catalog	pg_type	r	1247	typndims	23	t
pg_catalog	pg_type	r	1247	typcollation	26	t
pg_catalog	pg_type	r	1247	typdefaultbin	194	f
pg_catalog	pg_type	r	1247	typdefault	25	f
pg_catalog	pg_type	r	1247	typacl	1034	f
pg_catalog	pg_user	v	12014	usename	19	f
pg_catalog	pg_user	v	12014	usesysid	26	f
pg_catalog	pg_user	v	12014	usecreatedb	16	f
pg_catalog	pg_user	v	12014	usesuper	16	f
pg_catalog	pg_user	v	12014	userepl	16	f
pg_catalog	pg_user	v	12014	usebypassrls	16	f
pg_catalog	pg_user	v	12014	passwd	25	f
pg_catalog	pg_user	v	12014	valuntil	1184	f
pg_catalog	pg_user	v	12014	useconfig	1009	f
pg_catalog	pg_user_mapping	r	1418	oid	26	t
pg_catalog	pg_user_mapping	r	1418	umuser	26	t
pg_catalog	pg_user_mapping	r	1418	umserver	26	t
pg_catalog	pg_user_mapping	r	1418	umoptions	1009	f
pg_catalog	pg_user_mappings	v	12338	umid	26	f
pg_catalog	pg_user_mappings	v	12338	srvid	26	f
pg_catalog	pg_user_mappings	v	12338	srvname	19	f
pg_catalog	pg_user_mappings	v	12338	umuser	26	f
pg_catalog	pg_user_mappings	v	12338	usename	19	f
pg_catalog	pg_user_mappings	v	12338	umoptions	1009	f
pg_catalog	pg_views	v	12028	schemaname	19	f
pg_catalog	pg_views	v	12028	viewname	19	f
pg_catalog	pg_views	v	12028	viewowner	19	f
pg_catalog	pg_views	v	12028	definition	25	f
pg_catalog	pg_wait_events	v	12351	type	25	f
pg_catalog	pg_wait_events	v	12351	name	25	f
pg_catalog	pg_wait_events	v	12351	description	25	f
